\Ambiences\Basic\Arctic\冬日瞭望塔^Watchtower during Winter.ogg,
\Ambiences\Basic\Arctic\冰冻洞穴^Frozen Cave.ogg,
\Ambiences\Basic\Arctic\冰冻洞穴（无水）^Frozen Cave (No Water).ogg,
\Ambiences\Basic\Arctic\冰冻洞穴（深渊）^Frozen Cave (Deep Chasm).ogg,
\Ambiences\Basic\Arctic\冰冻洞穴（神秘）^Frozen Cave (Mystical).ogg,
\Ambiences\Basic\Arctic\冰洞商队休憩处^Ice Cave Caravan Stop.ogg,
\Ambiences\Basic\Arctic\冻原人类避难所^Tundra Refuge With Humans.ogg,
\Ambiences\Basic\Arctic\冻原兽人避难所^Tundra Refuge With Orcs.ogg,
\Ambiences\Basic\Arctic\冻原寒冰神殿^Tundra Ice Shrine.ogg,
\Ambiences\Basic\Arctic\冻原流水神殿^Tundra Water Shrine.ogg,
\Ambiences\Basic\Arctic\冻原火焰神殿^Tundra Fire Shrine.ogg,
\Ambiences\Basic\Arctic\冻原焦油坑^Tar Pits In Tundra.ogg,
\Ambiences\Basic\Arctic\冻原矮人避难所^Tundra Refuge With Dwarves.ogg,
\Ambiences\Basic\Arctic\冻原精灵避难所^Tundra Refuge With Elves.ogg,
\Ambiences\Basic\Arctic\冻原蜥蜴人避难所^Tundra Refuge With Lizardfolk.ogg,
\Ambiences\Basic\Arctic\冻原间歇泉^Geysers Field In Tundra.ogg,
\Ambiences\Basic\Arctic\受诅咒的暴风雪^Cursed Blizzard.ogg,
\Ambiences\Basic\Arctic\命运暴风雪^Blizzard of Fate.ogg,
\Ambiences\Basic\Arctic\命运暴风雪（伴随怪物声）^Blizzard of Fate (With Monsters).ogg,
\Ambiences\Basic\Arctic\夜间孤寂村庄^Isolated Village At Night.ogg,
\Ambiences\Basic\Arctic\夜间孤寂村庄海岸^Isolated Village Shore At Night.ogg,
\Ambiences\Basic\Arctic\室内暴风雪矿场^Mining Site Blizzard Indoor.ogg,
\Ambiences\Basic\Arctic\寒冷洞穴营火^Cold Cave Campfire.ogg,
\Ambiences\Basic\Arctic\暴风雪中的划艇^Rowboat in Blizzard.ogg,
\Ambiences\Basic\Arctic\暴风雪中的矿场^Mining Site with Blizzard.ogg,
\Ambiences\Basic\Arctic\水晶冻原^Crystal Tundra.ogg,
\Ambiences\Basic\Arctic\泰加林兽人休憩处^Taiga Respite With Orcs.ogg,
\Ambiences\Basic\Arctic\泰加林流水神殿^Taiga Water Shrine.ogg,
\Ambiences\Basic\Arctic\泰加林火焰神殿^Taiga Fire Shrine.ogg,
\Ambiences\Basic\Arctic\泰加林焦油坑^Tar Pits In Taiga.ogg,
\Ambiences\Basic\Arctic\泰加林熔岩坑^Lava Pits In Taiga.ogg,
\Ambiences\Basic\Arctic\泰加林矮人休憩处^Taiga Respite With Dwarves.ogg,
\Ambiences\Basic\Arctic\泰加林精灵休憩处^Taiga Respite With Elves.ogg,
\Ambiences\Basic\Arctic\泰加林蜥蜴人休憩处^Taiga Respite With Lizardfolk.ogg,
\Ambiences\Basic\Arctic\泰加林间歇泉^Geysers Field In Taiga.ogg,
\Ambiences\Basic\Arctic\狼群冬日森林^Wolves' Winter Forest.ogg,
\Ambiences\Basic\Arctic\磁石龙 - 主旋律^Magnetite Dragon - Main.ogg,
\Ambiences\Basic\Arctic\磁石龙 - 山脉^Magnetite Dragon - Mountain.ogg,
\Ambiences\Basic\Arctic\磁石龙 - 山脉（无龙声）^Magnetite Dragon - Mountain (NoDrake).ogg,
\Ambiences\Basic\Arctic\磁石龙 - 山脉（神秘）^Magnetite Dragon - Mountain (Mystical).ogg,
"\Ambiences\Basic\Arctic\磁石龙 - 山脉（神秘，无龙声）^Magnetite Dragon - Mountain (Mystical, NoDrake).ogg",
\Ambiences\Basic\Arctic\磁石龙 - 暴风雪^Magnetite Dragon - Blizzard.ogg,
\Ambiences\Basic\Arctic\磁石龙 - 暴风雪（神秘）^Magnetite Dragon - Blizzard (Mystical).ogg,
\Ambiences\Basic\Arctic\腐化冻原^Corrupted Tundra.ogg,
\Ambiences\Basic\Arctic\腐化冻原（伴随怪物声）^Corrupted Tundra (With Monsters).ogg,
\Ambiences\Basic\Arctic\虫群冻原^Tundra With Insect Swarm.ogg,
\Ambiences\Basic\Arctic\被祝福的冻原^Blessed Tundra.ogg,
\Ambiences\Basic\Arctic\被祝福的泰加林^Blessed Taiga.ogg,
\Ambiences\Basic\Arctic\诡异冻原^Unsettling Tundra.ogg,
\Ambiences\Basic\Arctic\诡异泰加林^Unsettling Taiga.ogg,
\Ambiences\Basic\Arctic\迷失时空的冻原^Tundra Lost In Time.ogg,
\Ambiences\Basic\Arctic\迷失时空的暴风雪^Blizzard Lost In Time.ogg,
\Ambiences\Basic\Arctic\雪中狼群^Wolves in the Snow.ogg,
\Ambiences\Basic\Arctic\雪中精灵废墟^Elven Ruins in the Snow.ogg,
\Ambiences\Basic\Arctic\雪崩^Avalanche.ogg,
\Ambiences\Basic\Arctic\雪怪洞穴^Yeti Cave.ogg,
\Ambiences\Basic\Arctic\雷鸣冻原^Thundering Tundra.ogg,
\Ambiences\Basic\Arctic\雷鸣泰加林^Thundering Taiga.ogg,
\Ambiences\Basic\Arctic\魔法雪崩^Magical Avalanche.ogg,
\Ambiences\Basic\Arid\中东城市^Middle-Eastern City.ogg,
\Ambiences\Basic\Arid\中东城市室内^Middle-Eastern City Indoor.ogg,
\Ambiences\Basic\Arid\中东村庄^Middle-Eastern Village.ogg,
\Ambiences\Basic\Arid\中东村庄室内^Middle-Eastern Village Indoor.ogg,
\Ambiences\Basic\Arid\中东沿海村庄^Middle-Eastern Coastal Village.ogg,
\Ambiences\Basic\Arid\中东酒馆^Middle-Eastern Tavern.ogg,
\Ambiences\Basic\Arid\仙人掌沙漠^Cactus Desert.ogg,
\Ambiences\Basic\Arid\商队旅馆^Caravanserai.ogg,
\Ambiences\Basic\Arid\夜间中东村庄^Middle-Eastern Village At Night.ogg,
\Ambiences\Basic\Arid\夜间中东沿海村庄^Middle-Eastern Coastal Village At Night.ogg,
\Ambiences\Basic\Arid\夜间水晶沙漠^Crystal Desert At Night.ogg,
\Ambiences\Basic\Arid\夜间沙漠兽人营地^Orc Camp Desert Night.ogg,
\Ambiences\Basic\Arid\夜间沙漠洞穴入口^Desert Cave Entrance At Night.ogg,
\Ambiences\Basic\Arid\夜间沙漠精灵废墟^Elven Ruins in a Desert at Night.ogg,
\Ambiences\Basic\Arid\奇异绿洲^Strange Oasis.ogg,
\Ambiences\Basic\Arid\奥瑞斯克旷野（无营地）^Fields Of Oreskos (No Camp).ogg,
\Ambiences\Basic\Arid\寒冷沙漠^Cold Desert.ogg,
\Ambiences\Basic\Arid\寒冷沙漠风暴^Cold Desert Storm.ogg,
\Ambiences\Basic\Arid\带音乐的中东酒馆^Middle-Eastern Tavern With Music.ogg,
\Ambiences\Basic\Arid\平静的中东酒馆^Calm Middle-Eastern Tavern.ogg,
\Ambiences\Basic\Arid\水晶沙漠^Crystal Desert.ogg,
\Ambiences\Basic\Arid\水晶沙漠峡谷^Crystal Desert Canyon.ogg,
\Ambiences\Basic\Arid\水晶沙漠（土元素）^Crystal Desert (Earth Elementals).ogg,
\Ambiences\Basic\Arid\沙漠人类休憩处^Desert Respite With People.ogg,
\Ambiences\Basic\Arid\沙漠人类避难所^Desert Refuge With Humans.ogg,
\Ambiences\Basic\Arid\沙漠兽人休憩处^Desert Respite With Orcs.ogg,
\Ambiences\Basic\Arid\沙漠兽人营地^Orc Camp Desert.ogg,
\Ambiences\Basic\Arid\沙漠兽人避难所^Desert Refuge With Orcs.ogg,
\Ambiences\Basic\Arid\沙漠大河划艇^Rowboat on Large Desert River.ogg,
\Ambiences\Basic\Arid\沙漠峡谷瀑布^Desert Canyon Waterfall.ogg,
\Ambiences\Basic\Arid\沙漠洞穴入口^Desert Cave Entrance.ogg,
\Ambiences\Basic\Arid\沙漠洞穴蜥蜴人村庄^Lizardfolk Village In Desert Cave.ogg,
\Ambiences\Basic\Arid\沙漠洞穴蜥蜴人营地^Desert Cave Lizardfolk Campsite.ogg,
\Ambiences\Basic\Arid\沙漠流水神殿^Desert Water Shrine.ogg,
\Ambiences\Basic\Arid\沙漠火焰神殿^Desert Fire Shrine.ogg,
\Ambiences\Basic\Arid\沙漠焦油坑^Desert Tar Pits.ogg,
\Ambiences\Basic\Arid\沙漠矮人休憩处^Desert Respite With Dwarves.ogg,
\Ambiences\Basic\Arid\沙漠矮人避难所^Desert Refuge With Dwarves.ogg,
\Ambiences\Basic\Arid\沙漠精灵废墟^Elven Ruins in a Desert.ogg,
\Ambiences\Basic\Arid\沙漠精灵避难所^Desert Refuge With Elves.ogg,
\Ambiences\Basic\Arid\沙漠蜥蜴人村庄^Lizardfolk Village in Desert.ogg,
\Ambiences\Basic\Arid\沙漠蜥蜴人避难所^Desert Refuge With Lizardfolk.ogg,
\Ambiences\Basic\Arid\沙漠间歇泉^Desert Geysers Field.ogg,
\Ambiences\Basic\Arid\沙漠雷雨^Desert Rain And Thunder.ogg,
\Ambiences\Basic\Arid\焦油考古遗迹^Tarchaeology.ogg,
\Ambiences\Basic\Arid\神秘的寒冷沙漠^Mystical Cold Desert.ogg,
\Ambiences\Basic\Arid\稀树草原河流^Savannah River.ogg,
\Ambiences\Basic\Arid\稀树草原石器时代营地^Savannah Stone Age Camp.ogg,
\Ambiences\Basic\Arid\稀树草原石器时代营地（剑齿虎）^Savannah Stone Age Camp With Smilodons.ogg,
\Ambiences\Basic\Arid\绿洲蜥蜴人村庄^Lizardfolk Village in Oasis.ogg,
\Ambiences\Basic\Arid\罗刹沙漠神殿^Rakshasa Desert Temple.ogg,
\Ambiences\Basic\Arid\罗刹沙漠神殿传送室^Rakshasa Desert Temple Teleporter Room.ogg,
\Ambiences\Basic\Arid\罗刹沙漠神殿机械室^Rakshasa Desert Temple Mechanical Room.ogg,
\Ambiences\Basic\Arid\罗刹沙漠神殿（阿拉伯笛声）^Rakshasa Desert Temple with Arabian Flute.ogg,
\Ambiences\Basic\Arid\腐化沙漠^Corrupted Desert.ogg,
\Ambiences\Basic\Arid\腐化沙漠（伴随怪物声）^Corrupted Desert (With Monsters).ogg,
\Ambiences\Basic\Arid\被祝福的沙漠^Blessed Desert.ogg,
\Ambiences\Basic\Arid\诡异的寒冷沙漠^Unsettling Cold Desert.ogg,
\Ambiences\Basic\Arid\远方部落鼓声的沙漠^Desert With Tribal Drums Away.ogg,
\Ambiences\Basic\Arid\远方部落鼓声的沙漠峡谷^Desert Canyon With Tribal Drums Away.ogg,
\Ambiences\Basic\Arid\迷失时空的中东沙漠^Middle-Eastern Desert Lost In Time.ogg,
\Ambiences\Basic\Arid\迷失时空的夜间沙漠^Desert At Night Lost In Time.ogg,
\Ambiences\Basic\Arid\迷失时空的沙漠^Desert Lost In Time.ogg,
\Ambiences\Basic\Arid\迷失时空的沙漠峡谷^Desert Canyon Lost In Time.ogg,
\Ambiences\Basic\Arid\迷失时空的绿洲^Oasis Lost In Time.ogg,
\Ambiences\Basic\Arid\阵风沙漠^Desert With Bursts Of Wind.ogg,
\Ambiences\Basic\Arid\雷鸣沙尘暴^Thunderous Sandstorm.ogg,
\Ambiences\Basic\Arid\雷鸣沙漠^Thunderous Desert.ogg,
\Ambiences\Basic\Arid\骆驼厩^Camel Stables.ogg,
\Ambiences\Basic\City\东方奇幻村庄^Asianfantasy Village.ogg,
\Ambiences\Basic\City\东方奇幻村庄室内视角^Asianfantasy Village Interior Perspective.ogg,
\Ambiences\Basic\City\东方奇幻村庄（无人）^Asianfantasy Village No Human.ogg,
\Ambiences\Basic\City\中世纪办公室^Medieval Office.ogg,
\Ambiences\Basic\City\中世纪办公室（有人）^Medieval Office With People.ogg,
\Ambiences\Basic\City\中世纪村庄（无溪流）^Medieval Village - No Stream.ogg,
\Ambiences\Basic\City\中世纪集市^Medieval Village Marketplace.ogg,
\Ambiences\Basic\City\中世纪集市（无家畜）^Medieval Village Marketplace - No Farm Animals.ogg,
\Ambiences\Basic\City\养猪场^Pig Farm.ogg,
\Ambiences\Basic\City\养猪场室内^Pig Farm Indoor.ogg,
\Ambiences\Basic\City\兽人营地室内视角^Orc Camp Indoor Perspective.ogg,
\Ambiences\Basic\City\兽人营地训练场^Orc Camp Training Grounds.ogg,
\Ambiences\Basic\City\农家大院（人少）^Farmyard (Few people).ogg,
\Ambiences\Basic\City\农家大院（室内）^Farmyard (Interior).ogg,
"\Ambiences\Basic\City\农家大院（室内，仅动物）^Farmyard (Interior, Animals Only).ogg",
\Ambiences\Basic\City\农家大院（有人）^Farmyard (With people).ogg,
\Ambiences\Basic\City\冰之大教堂^Ice Cathedral.ogg,
\Ambiences\Basic\City\古代水利浴场^Antique Thermae Waterworks.ogg,
\Ambiences\Basic\City\古代浴场^Antique Thermae.ogg,
\Ambiences\Basic\City\古代浴场（兽人）^Antique Thermae With Orcs.ogg,
\Ambiences\Basic\City\古代浴场（疯人）^Antique Thermae With Insane People.ogg,
\Ambiences\Basic\City\古代浴场（矮人）^Antique Thermae With Dwarves.ogg,
\Ambiences\Basic\City\古代浴场（精灵）^Antique Thermae With Elves.ogg,
\Ambiences\Basic\City\古代浴场（蜥蜴人）^Antique Thermae With Lizardfolk.ogg,
\Ambiences\Basic\City\地下农田^Underground Farmland.ogg,
\Ambiences\Basic\City\地下城港口^Underground City Harbour.ogg,
\Ambiences\Basic\City\地下村庄港口^Underground Village Harbour.ogg,
\Ambiences\Basic\City\地下森林挖掘场^Underground Forest Excavation Site.ogg,
\Ambiences\Basic\City\地下水磨坊^Underground Watermill.ogg,
\Ambiences\Basic\City\地下疯人院楼层^Underground Asylum Level.ogg,
\Ambiences\Basic\City\地下风车^Underground Windmill.ogg,
\Ambiences\Basic\City\城市堡垒^City's Keep.ogg,
\Ambiences\Basic\City\城市极暗堡垒^City's Even Darker Keep.ogg,
\Ambiences\Basic\City\城市神殿（无火）^City Temple No Fire.ogg,
\Ambiences\Basic\City\城市黑暗堡垒^City's Dark Keep.ogg,
\Ambiences\Basic\City\夜间寒冷港口^Cold Harbor At Night.ogg,
\Ambiences\Basic\City\大型强盗营地^Large Bandit Camp.ogg,
\Ambiences\Basic\City\大型强盗营地（傍晚）^Large Bandit Camp in the Evening.ogg,
\Ambiences\Basic\City\太阳神殿^Sun Temple.ogg,
"\Ambiences\Basic\City\太阳神殿（地下，怪诞）^Sun Temple (Underground, Eerie).ogg",
\Ambiences\Basic\City\太阳神殿（基础）^Sun Temple (Basic).ogg,
\Ambiences\Basic\City\太阳神殿（有人）^Sun Temple (People).ogg,
"\Ambiences\Basic\City\太阳神殿（有人，无火）^Sun Temple (People, No Fire).ogg",
\Ambiences\Basic\City\太阳神殿（腐化）^Sun Temple (Corrupted).ogg,
"\Ambiences\Basic\City\太阳神殿（腐化，无火）^Sun Temple (Corrupted, No Fire).ogg",
\Ambiences\Basic\City\奇幻动物园^Fantasy Zoo.ogg,
\Ambiences\Basic\City\奇幻庆典^Fantastical Festival.ogg,
\Ambiences\Basic\City\女性专属后宫花园（竖琴）^Female Only Harem Garden With Harp.ogg,
\Ambiences\Basic\City\女性专属星界后宫^Female Only Astral Harem.ogg,
\Ambiences\Basic\City\女性专属花园后宫^Female Only Garden Harem.ogg,
\Ambiences\Basic\City\奴隶矿工沙漠^Slave Miners Desert.ogg,
\Ambiences\Basic\City\奴隶矿工沙漠绿洲^Slave Miners Desert Oasis.ogg,
\Ambiences\Basic\City\奴隶矿工洞穴^Slave Miners Cave.ogg,
\Ambiences\Basic\City\奴隶矿工雪地^Slave Miners Snow.ogg,
\Ambiences\Basic\City\宝箱怪酒馆^Mimic Tavern.ogg,
\Ambiences\Basic\City\宝箱怪酒馆下层^Mimic Tavern Lower Level.ogg,
\Ambiences\Basic\City\宝箱怪酒馆核心室^Mimic Tavern Heart Chamber.ogg,
\Ambiences\Basic\City\室内后宫（带浴池）^Indoor Harem With Baths.ogg,
\Ambiences\Basic\City\室内女性专属后宫^Indoor Female Only Harem.ogg,
\Ambiences\Basic\City\室内女性专属后宫（带浴池）^Indoor Female Only Harem With Baths.ogg,
\Ambiences\Basic\City\寒冷平静的港口^Cold and Calm Harbor.ogg,
\Ambiences\Basic\City\寒冷港口^Cold Harbor.ogg,
\Ambiences\Basic\City\废弃宅邸^Abandoned Mansion.ogg,
\Ambiences\Basic\City\废弃宅邸（无火）^Abandoned Mansion (No Fire) .ogg,
\Ambiences\Basic\City\废弃宅邸（雨声 - 无火）^Abandoned Mansion (Rain - No Fire).ogg,
\Ambiences\Basic\City\废弃宅邸（雨声）^Abandoned Mansion (Rain).ogg,
\Ambiences\Basic\City\废弃小屋^Abandoned Cottage.ogg,
\Ambiences\Basic\City\废弃小屋（夜间）^Abandoned Cottage (Night).ogg,
"\Ambiences\Basic\City\废弃小屋（夜间，惊悚）^Abandoned Cottage (Night, Creepy).ogg",
\Ambiences\Basic\City\微闹鬼的疯人院楼层^Slightly Haunted Asylum Level.ogg,
\Ambiences\Basic\City\怪物城市（沙漠绿洲）^Monsters' City (Desert Oasis).ogg,
\Ambiences\Basic\City\怪物城市（沼泽）^Monsters' City (Swamps).ogg,
\Ambiences\Basic\City\怪物城市（温带）^Monsters' City (Temperate).ogg,
\Ambiences\Basic\City\怪物打鼾的房间^Room With Monsters Snoring.ogg,
\Ambiences\Basic\City\怪物酒馆^Monsters' Tavern.ogg,
\Ambiences\Basic\City\怪物酒馆斗殴^Monstrous Tavern Brawl.ogg,
\Ambiences\Basic\City\星界后宫^Astral Harem.ogg,
\Ambiences\Basic\City\有人打鼾的房间^Room With People Snoring.ogg,
\Ambiences\Basic\City\村中心^Village Center.ogg,
\Ambiences\Basic\City\村中心（室内）^Village Center (Interior).ogg,
\Ambiences\Basic\City\海盗酒馆^Pirate Tavern.ogg,
\Ambiences\Basic\City\满是野猪的强盗营地^Boar-Filled Bandit Camp.ogg,
\Ambiences\Basic\City\满是野猪的强盗营地（傍晚）^Boar-Filled Bandit Camp in the Evening.ogg,
\Ambiences\Basic\City\狗头人垃圾场村落^Kobold Junkyard Village.ogg,
\Ambiences\Basic\City\猫头鹰神殿^Owl Temple.ogg,
\Ambiences\Basic\City\猫头鹰神殿（人声）^Owl Temple With Voices.ogg,
\Ambiences\Basic\City\疯人院灵魂提取器^Asylum Souls Extractor.ogg,
\Ambiences\Basic\City\疯人院牢房^Asylum Cells.ogg,
\Ambiences\Basic\City\疯人院花园^Asylum Gardens.ogg,
\Ambiences\Basic\City\矮人图书馆^Dwarven Library.ogg,
\Ambiences\Basic\City\矮人城市熔炉区（熔岩）^Dwarven City Forge District With Lava.ogg,
\Ambiences\Basic\City\私人奇幻动物园^Private Fantasy Zoo.ogg,
\Ambiences\Basic\City\私人奇幻动物园（竖琴）^Private Fantasy Zoo With Harp.ogg,
\Ambiences\Basic\City\精灵树屋图书馆^Elven Tree Library.ogg,
\Ambiences\Basic\City\精灵树屋酒馆（竖琴）^Elven Tree Tavern with Harp.ogg,
\Ambiences\Basic\City\精灵酒馆（竖琴）^Elven Tavern With Harp.ogg,
\Ambiences\Basic\City\花园^Gardens.ogg,
\Ambiences\Basic\City\花园后宫（竖琴）^Garden Harem With Harp.ogg,
\Ambiences\Basic\City\花园喷泉^Garden Fountain.ogg,
\Ambiences\Basic\City\花园喷泉（脚步声）^Garden Fountain (Steps).ogg,
\Ambiences\Basic\City\花园（有人变体）^Garden with People (Variant).ogg,
\Ambiences\Basic\City\花园（有人）^Garden with People.ogg,
\Ambiences\Basic\City\草药师商店（无火变体）^Herbalist's Shop (No Fire Alternative).ogg,
\Ambiences\Basic\City\蜥蜴人下水道黑市（带音乐）^Lizardfolk Sewers Black Market With Music.ogg,
\Ambiences\Basic\City\蜥蜴人酒馆^Lizardfolk Tavern.ogg,
\Ambiences\Basic\City\蜥蜴人酒馆（音乐）^Lizardfolk Tavern With Music.ogg,
\Ambiences\Basic\City\蜥蜴人酒馆（鼓声）^Lizardfolk Tavern With Drums.ogg,
\Ambiences\Basic\City\蜥蜴人黑市（带音乐）^Lizardfolk Black Market With Music.ogg,
\Ambiences\Basic\City\训练场^Training Grounds.ogg,
\Ambiences\Basic\City\谷仓内部^Inside a Barn.ogg,
\Ambiences\Basic\City\贵族宅邸下水道^Nobles Mansion Sewers.ogg,
\Ambiences\Basic\City\贵族宅邸走廊（中距离）^Nobles Mansion Corridors (Mid-Distance).ogg,
\Ambiences\Basic\City\贵族宅邸走廊（凯尔特竖琴）^Nobles Mansion Corridors (Celtic Harp).ogg,
\Ambiences\Basic\City\贵族宅邸走廊（远方）^Nobles Mansion Corridors (Away).ogg,
\Ambiences\Basic\City\迷失时空的城市^City Lost In Time.ogg,
\Ambiences\Basic\City\野兽市场^Beast Market.ogg,
\Ambiences\Basic\City\野兽市场（阿拉伯音乐）^Beast Market With Arabian Music.ogg,
\Ambiences\Basic\City\野兽市场（音乐）^Beast Market With Music.ogg,
\Ambiences\Basic\City\野兽市场（鼓声）^Beast Market With Drums.ogg,
\Ambiences\Basic\City\镇长之家^Townmaster's Home.ogg,
\Ambiences\Basic\City\镇长之家（厨房）^Townmaster's Home (Kitchen).ogg,
\Ambiences\Basic\City\镇长花园^Townmaster's Garden.ogg,
\Ambiences\Basic\City\闹鬼图书馆^Haunted Library.ogg,
\Ambiences\Basic\City\闹鬼疯人院楼层^Haunted Asylum Level.ogg,
\Ambiences\Basic\City\闹鬼酒馆^Haunted Tavern.ogg,
\Ambiences\Basic\City\雪精灵城市^Snow Elves City.ogg,
\Ambiences\Basic\City\青楼^Brothel.ogg,
\Ambiences\Basic\City\青楼（成人声）^Brothel With NSFW Moans.ogg,
\Ambiences\Basic\City\青楼（竖琴与成人声）^Brothel With Harp And NSFW Moans.ogg,
\Ambiences\Basic\City\青楼（竖琴）^Brothel With Harp.ogg,
\Ambiences\Basic\City\魔法学院喧闹教室^School of Magic Noisy Classroom.ogg,
\Ambiences\Basic\City\魔法学院图书馆^School of Magic Library.ogg,
\Ambiences\Basic\City\魔法学院大厅^School of Magic Main Hall.ogg,
\Ambiences\Basic\City\魔法学院大厅恐慌^School of Magic Main Hall Panic.ogg,
\Ambiences\Basic\City\魔法学院天文馆^School of Magic Planetarium.ogg,
\Ambiences\Basic\City\魔法学院庭院^School of Magic Courtyard.ogg,
\Ambiences\Basic\City\魔法学院怪物厩^School of Magic Monsters Stables.ogg,
\Ambiences\Basic\City\魔法学院惊悚走廊^School of Magic Creepy Corridors.ogg,
\Ambiences\Basic\City\魔法学院毕业典礼^School of Magic Graduation.ogg,
\Ambiences\Basic\City\魔法学院毕业典礼（演讲）^School of Magic Graduation with Speech.ogg,
\Ambiences\Basic\City\魔法学院走廊^School of Magic Corridors.ogg,
\Ambiences\Basic\City\魔法学院走廊（人少）^School of Magic Corridors with Few People.ogg,
\Ambiences\Basic\City\魔法学院走廊（学生）^School of Magic Corridors with Students.ogg,
\Ambiences\Basic\City\魔法学院食堂^School of Magic Refectory.ogg,
\Ambiences\Basic\Combat\不死大军行军^Undead Army Marching.ogg,
\Ambiences\Basic\Combat\不死大军行军（带氛围音）^Undead Army Marching with Atmosphere.ogg,
\Ambiences\Basic\Combat\不死大军行军（带龙与氛围音）^Undead Army Marching with Dragons and Atmosphere.ogg,
\Ambiences\Basic\Combat\不死大军行军（带龙）^Undead Army Marching with Dragons.ogg,
\Ambiences\Basic\Combat\小型战斗^Small Battle.ogg,
"\Ambiences\Basic\Combat\小型战斗（加农炮、枪与魔法）^Small Battle With Cannons, Guns and Magic.ogg",
\Ambiences\Basic\Combat\小型战斗（加农炮与枪）^Small Battle With Cannons and Guns.ogg,
\Ambiences\Basic\Combat\小型战斗（枪与魔法）^Small Battle With Guns and Magic.ogg,
\Ambiences\Basic\Combat\小型战斗（枪）^Small Battle With Guns.ogg,
\Ambiences\Basic\Combat\小型战斗（魔法）^Small Battle With Magic.ogg,
\Ambiences\Basic\Combat\小型近战（对抗僵尸）^Small Melee Battle against Zombies.ogg,
\Ambiences\Basic\Combat\小型近战（对抗兽人）^Small Melee Battle against Orcs.ogg,
\Ambiences\Basic\Combat\小型近战（对抗各种怪物）^Small Melee Battle Against Various Monsters.ogg,
\Ambiences\Basic\Combat\小型近战（对抗哥布林）^Small Melee Battle Against Goblins.ogg,
\Ambiences\Basic\Combat\小型近战（对抗巨人）^Small Melee Battle Against Giants.ogg,
\Ambiences\Basic\Combat\小型近战（对抗爬行类）^Small Melee Battle Against Reptiloids.ogg,
\Ambiences\Basic\Combat\小型近战（对抗骷髅）^Small Melee Battle against Skeletons.ogg,
\Ambiences\Basic\Combat\暴风雨中的海战（加农炮）^Ship Battle With Cannons in Storms.ogg,
\Ambiences\Basic\Combat\暴风雨中的甲板海战^Ship Battle on Deck with Storms.ogg,
"\Ambiences\Basic\Combat\桨帆船交战（攻城器、魔法与弓箭）^Galley Engagement With Siege Engines, Magic and Bows.ogg",
\Ambiences\Basic\Combat\桨帆船交战（攻城器与弓箭）^Galley Engagement With Siege Engines and Bows.ogg,
"\Ambiences\Basic\Combat\海战（加农炮、枪与魔法）^Ship Battle With Cannons, Guns and Magic.ogg",
\Ambiences\Basic\Combat\海战（加农炮与枪）^Ship Battle With Cannons and Guns.ogg,
\Ambiences\Basic\Combat\海战（加农炮）^Ship Battle With Cannons.ogg,
\Ambiences\Basic\Combat\海战（攻城器与魔法）^Ship Battle With Siege Engines and Magic.ogg,
\Ambiences\Basic\Combat\海战（攻城器）^Ship Battle With Siege Engines.ogg,
\Ambiences\Basic\Combat\海战（魔法）^Ship Battle With Magic.ogg,
\Ambiences\Basic\Combat\甲板海战^Ship Battle on Deck.ogg,
"\Ambiences\Basic\Combat\船只交战（加农炮、枪与魔法）^Ship Engagement With Cannons, Guns and Magic.ogg",
\Ambiences\Basic\Combat\船只交战（加农炮与弓箭）^Ship Engagement With Cannons and Bows.ogg,
\Ambiences\Basic\Combat\船只交战（加农炮与枪）^Ship Engagement With Cannons and Guns.ogg,
"\Ambiences\Basic\Combat\飞艇交战（加农炮、枪与魔法）^Airship Engagement With Cannons, Guns and Magic.ogg",
\Ambiences\Basic\Combat\飞艇交战（加农炮与枪）^Airship Engagement With Cannons and Guns.ogg,
"\Ambiences\Basic\Combat\飞艇战（加农炮、枪与魔法）^Airship Battle With Cannons, Guns and Magic.ogg",
\Ambiences\Basic\Combat\飞艇战（加农炮与枪）^Airship Battle With Cannons and Guns.ogg,
\Ambiences\Basic\Combat\飞艇战（加农炮）^Airship Battle With Cannons.ogg,
\Ambiences\Basic\Combat\飞艇战（攻城器与魔法）^Airship Battle With Siege Engines And Magic.ogg,
\Ambiences\Basic\Combat\飞艇战（攻城器）^Airship Battle With Siege Engines.ogg,
\Ambiences\Basic\Combat\飞艇战（魔法）^Airship Battle With Magic.ogg,
\Ambiences\Basic\Combat\飞艇甲板战^Airship Battle on Deck.ogg,
\Ambiences\Basic\Combat\龙伴行军^Army Marching with Dragons.ogg,
\Ambiences\Basic\Dungeon\受诅咒舞者的闹鬼华尔兹^Haunted Waltz with Cursed Dancers.ogg,
\Ambiences\Basic\Dungeon\地狱监狱刑讯区^Hellish Prison Torture Block.ogg,
\Ambiences\Basic\Dungeon\地穴^Crypt.ogg,
\Ambiences\Basic\Dungeon\地穴深处^Crypt Depths.ogg,
\Ambiences\Basic\Dungeon\地穴神圣壁炉^Crypt Holy Fireplace.ogg,
\Ambiences\Basic\Dungeon\地穴（幽灵与仪式）^Crypt with Spirits And Ritual.ogg,
\Ambiences\Basic\Dungeon\地穴（幽灵）^Crypt with Spirits.ogg,
\Ambiences\Basic\Dungeon\基础地牢^Basic Dungeon.ogg,
\Ambiences\Basic\Dungeon\基础地牢传送门房间^Basic Dungeon Portal Room.ogg,
\Ambiences\Basic\Dungeon\基础地牢被祝福的房间^Basic Dungeon Blessed Room.ogg,
\Ambiences\Basic\Dungeon\基础地牢（带河流）^Basic Dungeon With River.ogg,
\Ambiences\Basic\Dungeon\堕影冥界闹鬼华尔兹^Haunted Waltz Shadowfell.ogg,
\Ambiences\Basic\Dungeon\堕影冥界闹鬼华尔兹（带合成器音）^Haunted Waltz Shadowfell with Synths.ogg,
\Ambiences\Basic\Dungeon\堕影冥界闹鬼华尔兹（带音乐）^Haunted Waltz Shadowfell With Music.ogg,
\Ambiences\Basic\Dungeon\失去掌控^Losing Grasp.ogg,
\Ambiences\Basic\Dungeon\恶魔地牢^Demonic Dungeon.ogg,
\Ambiences\Basic\Dungeon\恶魔地牢（人声）^Demonic Dungeon With Voices.ogg,
\Ambiences\Basic\Dungeon\恶魔地牢（熔岩与人声）^Demonic Dungeon With Lava And Voices.ogg,
\Ambiences\Basic\Dungeon\感官游离^Drifting Senses.ogg,
\Ambiences\Basic\Dungeon\感官游离（水箱）^Drifting Senses With Watertank.ogg,
\Ambiences\Basic\Dungeon\旧神神殿^Temple Of The Old Gods.ogg,
\Ambiences\Basic\Dungeon\旧神神殿码头^Temple Of The Old Gods Docks.ogg,
\Ambiences\Basic\Dungeon\植物地牢^Plant Dungeon.ogg,
\Ambiences\Basic\Dungeon\植物地牢下雨^Raining in Plant Dungeon.ogg,
\Ambiences\Basic\Dungeon\植物地牢河流^Plant Dungeon River.ogg,
\Ambiences\Basic\Dungeon\植物地牢流水神殿^Plant Dungeon Water Shrine.ogg,
\Ambiences\Basic\Dungeon\植物地牢火焰神殿^Plant Dungeon Fire Shrine.ogg,
\Ambiences\Basic\Dungeon\植物地牢焦油坑^Plant Dungeon Tar Pits.ogg,
\Ambiences\Basic\Dungeon\植物地牢雷雨^Rain and Thunder in Plant Dungeon.ogg,
\Ambiences\Basic\Dungeon\毒气陷阱室^Gas Trap Room.ogg,
\Ambiences\Basic\Dungeon\水下疯狂^Underwater Madness.ogg,
\Ambiences\Basic\Dungeon\活体基础地牢^Living Basic Dungeon.ogg,
\Ambiences\Basic\Dungeon\潮湿狼窝^Wolves' Damp Den.ogg,
\Ambiences\Basic\Dungeon\潮湿部落洞穴地牢^Humid Tribal Cave Dungeon.ogg,
\Ambiences\Basic\Dungeon\潮湿龙穴^Dragon Damp Lair.ogg,
\Ambiences\Basic\Dungeon\熔岩龙穴^Magmatic Dragon Lair.ogg,
\Ambiences\Basic\Dungeon\狼窝^Wolves' Den.ogg,
\Ambiences\Basic\Dungeon\现实变换^Shifting Reality.ogg,
\Ambiences\Basic\Dungeon\现实变换（人声）^Shifting Reality With Voices.ogg,
\Ambiences\Basic\Dungeon\生物曼西 - 呼吸岩洞^Biomancy - The Breathing Grotto.ogg,
\Ambiences\Basic\Dungeon\生物曼西 - 孵化室^Biomancy - Incubation Chamber.ogg,
\Ambiences\Basic\Dungeon\生物曼西 - 实验室^Biomancy - Laboratory.ogg,
\Ambiences\Basic\Dungeon\生物曼西 - 拘留室^Biomancy - Holding Cells.ogg,
\Ambiences\Basic\Dungeon\监狱刑讯区^Prison Torture Block.ogg,
\Ambiences\Basic\Dungeon\监狱（活跃）^Prison Active.ogg,
\Ambiences\Basic\Dungeon\精灵幽灵层^Elven Ghosts Layer.ogg,
\Ambiences\Basic\Dungeon\精灵废墟深处^Elven Ruins Depths.ogg,
\Ambiences\Basic\Dungeon\蜘蛛神殿上层^Spider Temple Upper Level.ogg,
\Ambiences\Basic\Dungeon\蜘蛛神殿上层（有人）^Spider Temple Upper Level With People.ogg,
\Ambiences\Basic\Dungeon\蜘蛛神殿下层^Spider Temple Lower Level.ogg,
\Ambiences\Basic\Dungeon\蜘蛛神殿下层（有人）^Spider Temple Lower Level With People.ogg,
\Ambiences\Basic\Dungeon\蜘蛛神殿中层^Spider Temple Medium Level.ogg,
\Ambiences\Basic\Dungeon\蜘蛛神殿中层（有人）^Spider Temple Medium Level With People.ogg,
\Ambiences\Basic\Dungeon\被祝福的地牢^Blessed Dungeon.ogg,
\Ambiences\Basic\Dungeon\部落大地牢^Tribal Dungeon.ogg,
\Ambiences\Basic\Dungeon\部落植物地牢^Tribal Plant Dungeon.ogg,
\Ambiences\Basic\Dungeon\部落洞穴地牢^Tribal Cave Dungeon.ogg,
\Ambiences\Basic\Dungeon\闹鬼华尔兹^Haunted Waltz.ogg,
\Ambiences\Basic\Dungeon\闹鬼华尔兹（带音乐）^Haunted Waltz with Music.ogg,
\Ambiences\Basic\Dungeon\闹鬼监狱^Haunted Prison.ogg,
\Ambiences\Basic\Dungeon\雷鸣植物地牢^Thundering Plant Dungeon.ogg,
\Ambiences\Basic\Dungeon\黑暗监狱^Dark Prison.ogg,
\Ambiences\Basic\Dungeon\黑暗监狱刑讯区^Dark Prison Torture Block.ogg,
\Ambiences\Basic\Dungeon\黑暗监狱（活跃）^Dark Prison Active.ogg,
\Ambiences\Basic\Dungeon\龙之神殿^Temple of the Dragons.ogg,
\Ambiences\Basic\Dungeon\龙之神殿龙蛋室^Temple of the Dragons Egg Chamber.ogg,
\Ambiences\Basic\Dungeon\龙之神殿（蜥蜴人）^Temple of the Dragons With Lizardfolk.ogg,
\Ambiences\Basic\Dungeon\龙之神殿（邪教徒）^Temple of the Dragons With Cultists.ogg,
\Ambiences\Basic\Dungeon\龙穴^Dragon Lair.ogg,
\Ambiences\Basic\Dungeons\下地狱^Boss 房间 - Go To Hell - Boss Room.ogg,
\Ambiences\Basic\Dungeons\冰霜领主 - 主旋律^Frost Jarl - Main.ogg,
\Ambiences\Basic\Dungeons\冰霜领主 - 休息室^Frost Jarl - Resting Room.ogg,
\Ambiences\Basic\Dungeons\冰霜领主 - 冰击声^Frost Jarl - Ice Impacts.ogg,
\Ambiences\Basic\Dungeons\冰霜领主 - 剑齿虎笼^Frost Jarl - Sabertooth Cages.ogg,
\Ambiences\Basic\Dungeons\冰霜领主 - 壁炉^Frost Jarl - Fireplace.ogg,
\Ambiences\Basic\Dungeons\冰霜领主 - 强风室^Frost Jarl - Intense Wind Room.ogg,
\Ambiences\Basic\Dungeons\噩梦大厅^Hall of Nightmares.ogg,
\Ambiences\Basic\Dungeons\巨龙古冢^Dragon Barrow.ogg,
\Ambiences\Basic\Dungeons\恐怖大厅^Hall of Horrors.ogg,
\Ambiences\Basic\Dungeons\恐怖洞穴^Caverns of Horror.ogg,
\Ambiences\Basic\Dungeons\沙漠地牢^Desert Dungeon.ogg,
\Ambiences\Basic\Dungeons\沙漠地牢（阿拉伯笛声）^Desert Dungeon with Arabian Flute.ogg,
\Ambiences\Basic\Dungeons\法师地牢 - 传送室^Mage Dungeon - Teleporter Room.ogg,
\Ambiences\Basic\Dungeons\法师地牢 - 图书馆^Mage Dungeon - Library.ogg,
\Ambiences\Basic\Dungeons\法师地牢 - 奇物室^Mage Dungeon - Oddities Room.ogg,
\Ambiences\Basic\Dungeons\法师地牢 - 监狱^Mage Dungeon - Prison.ogg,
\Ambiences\Basic\Dungeons\法师地牢 - 走廊^Mage Dungeon - Corridors.ogg,
\Ambiences\Basic\Dungeons\法师地牢 - 黑暗角落^Mage Dungeon - Dark Corners.ogg,
\Ambiences\Basic\Dungeons\流沙陷阱室^Sand-Filling Room Trap.ogg,
\Ambiences\Basic\Dungeons\深层沙漠地牢^Deep Desert Dungeon.ogg,
\Ambiences\Basic\Dungeons\深层沙漠地牢（阿拉伯笛声）^Deep Desert Dungeon with Arabian Flute.ogg,
\Ambiences\Basic\Dungeons\火把软泥怪地牢^Torchlit Ooze Dungeon.ogg,
\Ambiences\Basic\Dungeons\自动化软泥怪实验室^Automatized Ooze Laboratory.ogg,
\Ambiences\Basic\Dungeons\螺旋试炼 - 主旋律^Spiral Trial - Main.ogg,
\Ambiences\Basic\Dungeons\螺旋试炼 - 主旋律（低音）^Spiral Trial - Main (Low).ogg,
\Ambiences\Basic\Dungeons\螺旋试炼 - 地下河^Spiral Trial - Underground River.ogg,
\Ambiences\Basic\Dungeons\螺旋试炼 - 灵体吟唱^Spiral Trial - Ethereal Chants.ogg,
\Ambiences\Basic\Dungeons\螺旋试炼 - 罪恶之源^Spiral Trial - The Root Of Evil.ogg,
\Ambiences\Basic\Dungeons\螺旋试炼 - 蜘蛛巢穴^Spiral Trial - Spiders Den.ogg,
\Ambiences\Basic\Dungeons\软泥怪地牢^Ooze Dungeon.ogg,
\Ambiences\Basic\Dungeons\通往地狱 - 刑讯^Go To Hell - Torture.ogg,
\Ambiences\Basic\Dungeons\通往地狱 - 恶魔仪式^Go To Hell - Demons Ritual.ogg,
\Ambiences\Basic\Dungeons\通往地狱 - 监狱^Go To Hell - Prison.ogg,
\Ambiences\Basic\Dungeons\通往地狱 - 靠近火焰^Go To Hell - Near The Fire.ogg,
\Ambiences\Basic\Dungeons\通往地狱^Go To Hell.ogg,
\Ambiences\Basic\Dungeons\闹鬼深层沙漠地牢^Haunted Deep Desert Dungeon.ogg,
\Ambiences\Basic\Evil\伯爵巢穴 - 主旋律^Count's Den - Main.ogg,
\Ambiences\Basic\Evil\伯爵巢穴 - 主旋律（无风）^Count's Den - Main (No Wind).ogg,
\Ambiences\Basic\Evil\伯爵巢穴 - 主旋律（柔和）^Count's Den - Main (Soft).ogg,
\Ambiences\Basic\Evil\伯爵巢穴 - 壁炉^Count's Den - Fireplace.ogg,
\Ambiences\Basic\Evil\地狱神殿深处（明亮）^Hell Temple Depths Light.ogg,
\Ambiences\Basic\Evil\地狱神殿（明亮）^Hell Temple Light.ogg,
\Ambiences\Basic\Evil\平静的怪诞森林^Calm Eldritch Forest.ogg,
\Ambiences\Basic\Evil\平静的怪诞森林变体^Calm Eldritch Forest Variation.ogg,
\Ambiences\Basic\Evil\怪物狂欢^Monstrous Revel.ogg,
\Ambiences\Basic\Evil\怪诞森林营火^Eldritch Forest Campfire.ogg,
\Ambiences\Basic\Evil\恐怖大厅（变体）^Hall of Horrors (alternative).ogg,
\Ambiences\Basic\Evil\恐怖洞穴（无怪物）^Caverns of Horror (no monster).ogg,
\Ambiences\Basic\Evil\悲叹之树^Tree of Woe.ogg,
\Ambiences\Basic\Evil\悲叹之树（远处）^Tree of Woe (Distant).ogg,
\Ambiences\Basic\Evil\悲叹之树（雷声）^Tree of Woe (Thunder).ogg,
\Ambiences\Basic\Evil\悲叹之树（风暴）^Tree of Woe (Storm).ogg,
\Ambiences\Basic\Evil\惊悚怪诞森林^Spooky Eldritch Forest.ogg,
\Ambiences\Basic\Evil\贪婪宿主^The Ravenous Host.ogg,
\Ambiences\Basic\Evil\贪婪宿主被惊动^The Ravenous Host Alerted.ogg,
\Ambiences\Basic\Evil\邪教宅邸走廊（凯尔特竖琴）^Cult Mansion Corridors (Celtic Harp).ogg,
"\Ambiences\Basic\Evil\邪教宅邸走廊（凯尔特竖琴，雷声）^Cult Mansion Corridors (Celtic Harp, Thunder).ogg",
\Ambiences\Basic\Evil\邪教宅邸走廊（风暴）^Cult Mansion Corridors (Storms).ogg,
\Ambiences\Basic\Evil\闹鬼宅邸户外^Haunted Mansion Outdoor.ogg,
\Ambiences\Basic\Evil\闹鬼宅邸起居室^Haunted Mansion Livingroom.ogg,
\Ambiences\Basic\Fire\多风熔岩平原^Lava Windy Plains.ogg,
\Ambiences\Basic\Fire\夜间火山森林^Volcano Forest At Night.ogg,
\Ambiences\Basic\Fire\火山原休憩处^Volcanic Field Respite.ogg,
\Ambiences\Basic\Fire\火山原兽人休憩处^Volcanic Field Respite With Orcs.ogg,
\Ambiences\Basic\Fire\火山原矮人休憩处^Volcanic Field Respite With Dwarves.ogg,
\Ambiences\Basic\Fire\火山森林^Volcano Forest.ogg,
\Ambiences\Basic\Fire\火山矿场^Volcanic Mining Site.ogg,
\Ambiences\Basic\Fire\熔岩平原^Lava Plains.ogg,
\Ambiences\Basic\Fire\熔岩森林^Lava Forest.ogg,
\Ambiences\Basic\Fire\虫群火山原^Volcanic Field With Insect Swarm.ogg,
\Ambiences\Basic\Fire\被祝福的夜间火山森林^Blessed Volcano Forest At Night.ogg,
\Ambiences\Basic\Fire\被祝福的火山森林^Blessed Volcano Forest.ogg,
\Ambiences\Basic\Fire\雷鸣火山原^Thunderous Volcanic Field.ogg,
\Ambiences\Basic\Fire\雷鸣火山原流水神殿^Water Shrine In Thunderous Volcanic Field.ogg,
\Ambiences\Basic\Fire\雷鸣火山原神殿^Shrine In Thunderous Volcanic Field.ogg,
\Ambiences\Basic\Forest\亚洲庭园^Asian Garden.ogg,
\Ambiences\Basic\Forest\亚洲森林^Asian Forest.ogg,
\Ambiences\Basic\Forest\受诅咒的森林变体^Cursed Forest Alt.ogg,
\Ambiences\Basic\Forest\地下森林土元素传送门^Underground Forest Earth Portal.ogg,
\Ambiences\Basic\Forest\地下森林魔法传送门^Underground Forest Magic Portal.ogg,
\Ambiences\Basic\Forest\地中海森林^Mediterranean Forest.ogg,
\Ambiences\Basic\Forest\多风森林^Windy Forest.ogg,
\Ambiences\Basic\Forest\夜间林间溪流^Forest Stream At Night.ogg,
\Ambiences\Basic\Forest\夜间森林兽人营地^Orc Camp Forest Night.ogg,
\Ambiences\Basic\Forest\夜间森林河流^Forest River Night.ogg,
\Ambiences\Basic\Forest\夜间水晶森林^Crystal Forest At Night.ogg,
\Ambiences\Basic\Forest\宁静森林^Serene Forest.ogg,
\Ambiences\Basic\Forest\封闭森林（危险）^Enclosed Forest (Dangerous).ogg,
\Ambiences\Basic\Forest\封闭森林（神圣）^Enclosed Forest (Sacred).ogg,
\Ambiences\Basic\Forest\封闭森林（蛙鸣）^Enclosed Forest (Frogs).ogg,
\Ambiences\Basic\Forest\巨蛇悬崖^Serpents Cliff.ogg,
\Ambiences\Basic\Forest\平静森林^Calm Forest.ogg,
\Ambiences\Basic\Forest\暮光怪物^Twilight Monsters.ogg,
\Ambiences\Basic\Forest\林间溪流^Forest Stream.ogg,
\Ambiences\Basic\Forest\森林中的精灵废墟^Elven Ruins in a Forest.ogg,
\Ambiences\Basic\Forest\森林兽人营地^Orc Camp Forest.ogg,
\Ambiences\Basic\Forest\森林大河划艇^Rowboat on Large Forest River.ogg,
\Ambiences\Basic\Forest\森林大河划艇（夜间）^Rowboat on Large Forest River Night.ogg,
\Ambiences\Basic\Forest\森林大雨^Forest Heavy Rain.ogg,
\Ambiences\Basic\Forest\森林小瀑布^Small Waterfall in a Forest.ogg,
\Ambiences\Basic\Forest\森林小雨^Forest Light Rain.ogg,
\Ambiences\Basic\Forest\森林瀑布^Forest Waterfall.ogg,
\Ambiences\Basic\Forest\森林石器时代营地^Forest Stone Age Camp.ogg,
\Ambiences\Basic\Forest\森林石器时代营地（狼群）^Forest Stone Age Camp With Wolves.ogg,
\Ambiences\Basic\Forest\森林矿场^Mining Site in Forest.ogg,
\Ambiences\Basic\Forest\森林蜥蜴人村庄^Lizardfolk Village in Forest.ogg,
\Ambiences\Basic\Forest\水晶森林^Crystal Forest.ogg,
\Ambiences\Basic\Forest\水晶秋日森林^Crystal Autumn Forest.ogg,
\Ambiences\Basic\Forest\满是野猪的夜间森林^Boar-Filled Forest At Night.ogg,
\Ambiences\Basic\Forest\满是野猪的森林^Boar-Filled Forest.ogg,
\Ambiences\Basic\Forest\狼之森林（溪流）^Wolf Forest (stream).ogg,
\Ambiences\Basic\Forest\猫头鹰岛^Owls Island.ogg,
\Ambiences\Basic\Forest\神秘迷雾森林^Shrouded Forest Mystical.ogg,
\Ambiences\Basic\Forest\蘑菇森林伐木工^Mushroom Forest Woodcutters.ogg,
\Ambiences\Basic\Forest\虫群夜间森林^Forest At Night With Insect Swarm.ogg,
\Ambiences\Basic\Forest\虫群森林^Forest With Insect Swarm.ogg,
\Ambiences\Basic\Forest\被祝福的森林^Blessed Forest.ogg,
\Ambiences\Basic\Forest\远古森林^Ancient Forest.ogg,
\Ambiences\Basic\Forest\迷失时空的地下森林^Underground Forest Lost In Time.ogg,
\Ambiences\Basic\Forest\迷失时空的夜间森林^Forest At Night Lost In Time.ogg,
\Ambiences\Basic\Forest\迷失时空的森林^Forest Lost In Time.ogg,
\Ambiences\Basic\Forest\迷雾森林建筑工地^Shrouded Forest Construction Site.ogg,
\Ambiences\Basic\Forest\迷雾森林鸭池^Shrouded Forest Duck Pond.ogg,
\Ambiences\Basic\Forest\迷雾森林（营火）^Shrouded Forest (Campfire).ogg,
\Ambiences\Basic\Forest\魔法亚洲庭园^Enchanted Asian Garden.ogg,
\Ambiences\Basic\Forest\黎明森林^Forest At Dawn.ogg,
\Ambiences\Basic\Forest\黑暗暮光森林^Twilight Forest Dark.ogg,
\Ambiences\Basic\Forest\黑暗森林矿场^Mining Site in Dark Forest.ogg,
\Ambiences\Basic\Mystical\不洁之蛋^Unholy Egg.ogg,
\Ambiences\Basic\Mystical\丛林之神巨蛋^Jungle God Egg.ogg,
\Ambiences\Basic\Mystical\丛林黄金泉^Fountain of Gold In Jungle.ogg,
\Ambiences\Basic\Mystical\东方奇幻修道院^Asianfantasy Monastery.ogg,
\Ambiences\Basic\Mystical\东方奇幻修道院丛林^Asianfantasy Monastery Jungle.ogg,
\Ambiences\Basic\Mystical\东方奇幻修道院外部视角^Asianfantasy Monastery Outside Perspective.ogg,
\Ambiences\Basic\Mystical\东方奇幻修道院庭园视角^Asianfantasy Monastery Garden Perspective.ogg,
\Ambiences\Basic\Mystical\东方奇幻修道院（嗡鸣声）^Asianfantasy Monastery With Drones.ogg,
\Ambiences\Basic\Mystical\先祖星界之地^Ancestral Astral Lands.ogg,
\Ambiences\Basic\Mystical\冬之神殿^Winter Temple.ogg,
\Ambiences\Basic\Mystical\冬之神殿中心室^Winter Temple Central Room.ogg,
\Ambiences\Basic\Mystical\冬之神殿（有人）^Winter Temple With People.ogg,
\Ambiences\Basic\Mystical\原始之蛋^Primordial Egg.ogg,
\Ambiences\Basic\Mystical\召唤法阵 - 丛林^Summoning Circle - Jungle.ogg,
\Ambiences\Basic\Mystical\召唤法阵 - 丛林（变体）^Summoning Circle - Jungle (Alternative).ogg,
\Ambiences\Basic\Mystical\召唤法阵 - 丛林（深处）^Summoning Circle - Jungle (Deep).ogg,
\Ambiences\Basic\Mystical\召唤法阵 - 森林^Summoning Circle - Forest.ogg,
\Ambiences\Basic\Mystical\圣山小径^Holy Mountain Path.ogg,
\Ambiences\Basic\Mystical\圣山小径（有龙）^Holy Mountain Path with Dragons.ogg,
\Ambiences\Basic\Mystical\地下冬之神殿^Subterranean Winter Temple.ogg,
\Ambiences\Basic\Mystical\地下冬之神殿（有人）^Subterranean Winter Temple With People.ogg,
\Ambiences\Basic\Mystical\夏之神殿^Summer Temple.ogg,
\Ambiences\Basic\Mystical\夏之神殿战斗环节^Summer Temple Fighting Session.ogg,
\Ambiences\Basic\Mystical\夏之神殿火葬堆^Summer Temple Pyre.ogg,
\Ambiences\Basic\Mystical\夏之神殿火葬堆（战士）^Summer Temple Pyre With Fighters.ogg,
\Ambiences\Basic\Mystical\夏之神殿火葬堆（有人）^Summer Temple Pyre With People.ogg,
\Ambiences\Basic\Mystical\夏之神殿（有人）^Summer Temple With People.ogg,
\Ambiences\Basic\Mystical\天文仪^Orrery.ogg,
\Ambiences\Basic\Mystical\天文仪（学者）^Orrery With Scholars.ogg,
\Ambiences\Basic\Mystical\太阳圣所^Sun Sanctuary.ogg,
\Ambiences\Basic\Mystical\幽灵环绕的划艇^Rowboat around Spirits.ogg,
\Ambiences\Basic\Mystical\德鲁伊次元之门^Druidic Dimensional Gate.ogg,
\Ambiences\Basic\Mystical\惊悚秋之神殿^Creepy Autumn Temple.ogg,
\Ambiences\Basic\Mystical\惊悚秋之神殿（邪教徒）^Creepy Autumn Temple With Cultists.ogg,
\Ambiences\Basic\Mystical\星界丛林^Astral Lands Jungle.ogg,
\Ambiences\Basic\Mystical\星界之地^Astral Lands.ogg,
\Ambiences\Basic\Mystical\星界之雨^Astral Lands Rain.ogg,
\Ambiences\Basic\Mystical\星界人类避难所^Astral Lands Refuge With People.ogg,
\Ambiences\Basic\Mystical\星界兽人避难所^Astral Lands Refuge With Orcs.ogg,
\Ambiences\Basic\Mystical\星界多风自然^Astral Lands Windy Nature.ogg,
\Ambiences\Basic\Mystical\星界岩浆原^Astral Lands Magma Field.ogg,
\Ambiences\Basic\Mystical\星界森林^Astral Lands Forest.ogg,
\Ambiences\Basic\Mystical\星界沙漠^Astral Lands Desert.ogg,
\Ambiences\Basic\Mystical\星界沼泽^Astral Lands Swamp.ogg,
\Ambiences\Basic\Mystical\星界流水神殿^Astral Lands Water Shrine.ogg,
\Ambiences\Basic\Mystical\星界火焰神殿^Astral Lands Fire Shrine.ogg,
\Ambiences\Basic\Mystical\星界矮人避难所^Astral Lands Refuge With Dwarves.ogg,
\Ambiences\Basic\Mystical\星界矿场^Astral Lands Mining Site.ogg,
\Ambiences\Basic\Mystical\星界神秘巨蛋^Astral Lands Mysterious Egg.ogg,
\Ambiences\Basic\Mystical\星界精灵避难所^Astral Lands Refuge With Elves.ogg,
\Ambiences\Basic\Mystical\星界绿洲^Astral Lands Oasis.ogg,
\Ambiences\Basic\Mystical\星界荒地^Astral Lands Barren Landscape.ogg,
\Ambiences\Basic\Mystical\星界蜥蜴人避难所^Astral Lands Refuge With Lizardfolk.ogg,
\Ambiences\Basic\Mystical\星界间歇泉^Astral Lands Geysers Field.ogg,
\Ambiences\Basic\Mystical\春之神殿^Spring Temple.ogg,
\Ambiences\Basic\Mystical\春之神殿中心室^Spring Temple Central Room.ogg,
\Ambiences\Basic\Mystical\春之神殿中心室（有人）^Spring Temple Central Room With People.ogg,
\Ambiences\Basic\Mystical\春之神殿（妖精）^Spring Temple With Faeries.ogg,
\Ambiences\Basic\Mystical\春之神殿（有人）^Spring Temple With People.ogg,
\Ambiences\Basic\Mystical\森林生物蛋^Forest Creature Egg.ogg,
\Ambiences\Basic\Mystical\次元之门变体^Dimension Gate Alt.ogg,
\Ambiences\Basic\Mystical\水晶洞穴巨蛋^Crystal Cave Egg.ogg,
\Ambiences\Basic\Mystical\沙漠太阳神殿^Desert Sun Shrine.ogg,
\Ambiences\Basic\Mystical\沙漠山谷河流神殿（无竖琴）^Desert Valley River Temple (No Harp).ogg,
\Ambiences\Basic\Mystical\火山室^Volcano Chamber.ogg,
\Ambiences\Basic\Mystical\火山蛋室^Volcano Egg Chamber.ogg,
\Ambiences\Basic\Mystical\火焰试炼 - 雷鸣^Trial Of Flames - Thunder.ogg,
\Ambiences\Basic\Mystical\玻璃花园（人声）^Glass Garden (Voice).ogg,
\Ambiences\Basic\Mystical\玻璃花园（黑暗）^Glass Garden (Dark).ogg,
\Ambiences\Basic\Mystical\神圣之蛋^Holy Egg.ogg,
\Ambiences\Basic\Mystical\秋之神殿^Autumn Temple.ogg,
\Ambiences\Basic\Mystical\秋之神殿旋风^Autumn Temple Whirlwind.ogg,
\Ambiences\Basic\Mystical\秋之神殿旋风（有人）^Autumn Temple Whirlwind With People.ogg,
\Ambiences\Basic\Mystical\秋之神殿（有人）^Autumn Temple With People.ogg,
\Ambiences\Basic\Mystical\群星神殿（仅合成器音）^Temple of the Stars (Synths Only).ogg,
\Ambiences\Basic\Mystical\蜥蜴人太阳圣所^Lizardfolk Sun Sanctuary.ogg,
\Ambiences\Basic\Mystical\蜥蜴人太阳圣所（笛声）^Lizardfolk Sun Sanctuary With Flute.ogg,
\Ambiences\Basic\Mystical\被祝福的星界之地^Blessed Astral Lands.ogg,
\Ambiences\Basic\Mystical\诡异星界^Unsettling Astral Lands.ogg,
\Ambiences\Basic\Mystical\迷失时空^Lost In Time.ogg,
\Ambiences\Basic\Mystical\迷失时空的酒馆^Tavern Lost In Time.ogg,
\Ambiences\Basic\Mystical\迷失时空的雷暴^Thunderstorm Lost In Time.ogg,
\Ambiences\Basic\Mystical\迷失时空的雷雨^Thunderstorm With Rain Lost In Time.ogg,
\Ambiences\Basic\Mystical\迷失时空的风^Wind Lost In Time.ogg,
\Ambiences\Basic\Mystical\迷雾山径^Misty Mountain Path.ogg,
\Ambiences\Basic\Mystical\迷雾山径（有龙）^Misty Mountain Path with Dragons.ogg,
\Ambiences\Basic\Mystical\锻造神殿（邪教徒）^Forge Temple (Cultists).ogg,
\Ambiences\Basic\Mystical\雪地星界^Snowy Astral Lands.ogg,
\Ambiences\Basic\Mystical\雷鸣星界^Thundering Astral Lands.ogg,
\Ambiences\Basic\Mystical\黄金泉^Fountain of Gold.ogg,
\Ambiences\Basic\Nature\反乌托邦之风^Dystopic Wind.ogg,
\Ambiences\Basic\Nature\呼吸蘑菇丛林^Breathing Mushroom Jungle.ogg,
\Ambiences\Basic\Nature\呼吸蘑菇夜间森林^Breathing Mushroom Night Forest.ogg,
\Ambiences\Basic\Nature\呼吸蘑菇峡谷^Breathing Mushroom Canyon.ogg,
"\Ambiences\Basic\Nature\呼吸蘑菇森林（夜间，营火）^Breathing Mushroom Forest (Night, Campfire).ogg",
\Ambiences\Basic\Nature\呼吸蘑菇绿洲^Breathing Mushroom Oasis.ogg,
\Ambiences\Basic\Nature\哀悼日 - 悬崖（仅自然声）^Day of Mourning - Cliff (Nature only).ogg,
\Ambiences\Basic\Nature\哀悼日 - 悬崖（嗡鸣声）^Day of Mourning - Cliff (Drones).ogg,
\Ambiences\Basic\Nature\地狱之风^Hellish Wind.ogg,
\Ambiences\Basic\Nature\多风的悬崖瀑布^Windy Cliff Waterfall.ogg,
\Ambiences\Basic\Nature\多风的猫头鹰岛^Owls Island with Wind.ogg,
\Ambiences\Basic\Nature\多风的瞭望塔^Windy Watchtower.ogg,
\Ambiences\Basic\Nature\多风的蝉鸣原野^Windy Cicadas Field.ogg,
\Ambiences\Basic\Nature\夜间山地兽人营地^Orc Camp Mountain Night.ogg,
\Ambiences\Basic\Nature\夜间湖岸^Lake Shore Night.ogg,
\Ambiences\Basic\Nature\夜间草原^Grasslands at Night.ogg,
\Ambiences\Basic\Nature\夜间草原营地^Grasslands Encampment At Night.ogg,
\Ambiences\Basic\Nature\夜间草甸^Meadow during Night.ogg,
\Ambiences\Basic\Nature\奔跑的马群^Pack of Galloping Horses.ogg,
\Ambiences\Basic\Nature\奔马^Galloping Horse.ogg,
\Ambiences\Basic\Nature\山上旗帜^Flag on the Mountain.ogg,
\Ambiences\Basic\Nature\山地兽人营地^Orc Camp Mountain.ogg,
\Ambiences\Basic\Nature\平原远雷（微风）^Plains Distant Thunder (Low Wind).ogg,
\Ambiences\Basic\Nature\平静湖岸^Calm Lake Shore.ogg,
\Ambiences\Basic\Nature\幽灵之风^Ghostly Wind.ogg,
\Ambiences\Basic\Nature\强劲雪风^Strong Snowy Wind.ogg,
\Ambiences\Basic\Nature\强风^Strong Wind.ogg,
\Ambiences\Basic\Nature\时间之风^Winds of Time.ogg,
\Ambiences\Basic\Nature\柔风^Soft Wind.ogg,
\Ambiences\Basic\Nature\浮空岛 - 冰冻^Flying Islands - Frozen.ogg,
\Ambiences\Basic\Nature\浮空岛 - 多风洞穴^Flying Islands - Windy Cavern.ogg,
\Ambiences\Basic\Nature\浮空岛 - 河流^Flying Islands - River.ogg,
\Ambiences\Basic\Nature\浮空岛 - 血月^Flying Islands - Blood Moon.ogg,
\Ambiences\Basic\Nature\浮空岛（强风）^Flying Islands (Heavy Wind).ogg,
\Ambiences\Basic\Nature\浮空岛（微风）^Flying Islands (Low Wind).ogg,
"\Ambiences\Basic\Nature\浮空岛（群鸟，强风）^Flying Islands (Many Birds, Heavy Wind).ogg",
\Ambiences\Basic\Nature\瞭望塔^Watchtower.ogg,
\Ambiences\Basic\Nature\瞭望塔雨声^Rain on Watchtower.ogg,
\Ambiences\Basic\Nature\神圣之风^Holy Wind.ogg,
\Ambiences\Basic\Nature\神秘东方之风^Mystical Oriental Wind.ogg,
\Ambiences\Basic\Nature\神秘之雪^Mystical Snow.ogg,
\Ambiences\Basic\Nature\神秘沙尘暴^Mystical Sandstorm.ogg,
\Ambiences\Basic\Nature\神秘雪雷^Mystical Snow and Thunder.ogg,
\Ambiences\Basic\Nature\神秘雷鸣^Mystical Thunder.ogg,
\Ambiences\Basic\Nature\穿过树林的中风^Moderate Wind Through Trees.ogg,
\Ambiences\Basic\Nature\穿过裂缝的强风^Strong Wind Through Cracks.ogg,
\Ambiences\Basic\Nature\草原^Grasslands.ogg,
\Ambiences\Basic\Nature\草原上的马^Horses In Grasslands.ogg,
\Ambiences\Basic\Nature\草原河流^River in Grasslands.ogg,
\Ambiences\Basic\Nature\草原流水神殿^Grasslands Water Shrine.ogg,
\Ambiences\Basic\Nature\草原火焰神殿^Grasslands Fire Shrine.ogg,
\Ambiences\Basic\Nature\草原神殿^Grasslands Shrine.ogg,
\Ambiences\Basic\Nature\草原营地^Grasslands Encampment.ogg,
\Ambiences\Basic\Nature\草原间歇泉^Geysers Field in Grasslands.ogg,
\Ambiences\Basic\Nature\草甸河流^River in Meadow.ogg,
\Ambiences\Basic\Nature\萦绕之风^Haunting Wind.ogg,
\Ambiences\Basic\Nature\蝉鸣原野^Cicadas Field.ogg,
\Ambiences\Basic\Nature\蝉鸣原野河流^Cicadas Field River.ogg,
\Ambiences\Basic\Nature\蝉鸣原野流水神殿^Cicadas Field Water Shrine.ogg,
\Ambiences\Basic\Nature\蝉鸣原野火焰神殿^Cicadas Field Fire Shrine.ogg,
\Ambiences\Basic\Nature\蝉鸣原野神殿^Cicadas Field Shrine.ogg,
\Ambiences\Basic\Nature\蝉鸣原野（间歇泉）^Cicadas Field with Geysers.ogg,
\Ambiences\Basic\Nature\近处寒冰龙卷^Freezing Tornado Close.ogg,
\Ambiences\Basic\Nature\近处火焰龙卷^Fire Tornado Close.ogg,
\Ambiences\Basic\Nature\近处魔法龙卷^Magical Tornado Close.ogg,
\Ambiences\Basic\Nature\近处龙卷风^Tornado Close.ogg,
\Ambiences\Basic\Nature\远处龙卷风^Tornado Far.ogg,
\Ambiences\Basic\Nature\雪风^Snowy Wind.ogg,
\Ambiences\Basic\Nature\雷鸣草原^Thundering Grasslands.ogg,
\Ambiences\Basic\Nature\雷鸣蝉鸣原野^Thundering Cicadas Field.ogg,
\Ambiences\Basic\Planes\世界尽头 - 伴随怪物声^World's End - With Monsters.ogg,
\Ambiences\Basic\Planes\世界尽头 - 无哭喊声^World's End - No Cries.ogg,
\Ambiences\Basic\Planes\东方妖精荒野（诡异）^Asian Feywild (Eerie).ogg,
"\Ambiences\Basic\Planes\东方妖精荒野（诡异，无河）^Asian Feywild (Eerie, No River).ogg",
\Ambiences\Basic\Planes\东方妖精荒野（魔法）^Asian Feywild (Enchanted).ogg,
"\Ambiences\Basic\Planes\东方妖精荒野（魔法，无河）^Asian Feywild (Enchanted, No River).ogg",
\Ambiences\Basic\Planes\地狱 - 阿弗纳斯昆虫^Hell - Avernus Insects.ogg,
\Ambiences\Basic\Planes\地狱 - 阿弗纳斯熔岩^Hell - Avernus Lava.ogg,
\Ambiences\Basic\Planes\地狱图书馆^Hell Library.ogg,
\Ambiences\Basic\Planes\地狱第三层 - 战斗沼泽^Third Circle of Hell - Swamp with Fighting.ogg,
\Ambiences\Basic\Planes\地狱第三层 - 昆虫沼泽^Third Circle of Hell - Swamp with Insects.ogg,
\Ambiences\Basic\Planes\地狱第三层 - 沼泽^Third Circle of Hell - Swamp.ogg,
\Ambiences\Basic\Planes\地狱第三层 - 酸雨沼泽^Third Circle of Hell - Swamp with Acid Rain.ogg,
\Ambiences\Basic\Planes\地狱第三层^Third Circle of Hell.ogg,
\Ambiences\Basic\Planes\地狱第三层（酸雨）^Third Circle of Hell with Acid Rain.ogg,
\Ambiences\Basic\Planes\地震^Earthquake.ogg,
\Ambiences\Basic\Planes\地震室内视角^Earthquake Indoor Perspective.ogg,
\Ambiences\Basic\Planes\城市地震^Earthquake In City.ogg,
\Ambiences\Basic\Planes\城市地震（有人）^Earthquake In City With People.ogg,
\Ambiences\Basic\Planes\堕影冥界图书馆（小恶魔与邪教徒）^Shadowfell Library with Imps and Cultists.ogg,
\Ambiences\Basic\Planes\堕影冥界图书馆（小恶魔）^Shadowfell Library with Imps.ogg,
\Ambiences\Basic\Planes\堕影冥界城堡^Shadowfell Castle.ogg,
\Ambiences\Basic\Planes\堕影冥界城堡传送门室^Shadowfell Castle Portal Room.ogg,
\Ambiences\Basic\Planes\堕影冥界城堡室内^Shadowfell Castle Indoor.ogg,
\Ambiences\Basic\Planes\堕影冥界城堡室内邪教徒^Shadowfell Castle Indoor Cultists.ogg,
\Ambiences\Basic\Planes\堕影冥界城堡巨龙^Shadowfell Castle Dragons.ogg,
\Ambiences\Basic\Planes\堕影冥界城堡幽灵龙^Shadowfell Castle Ghostly Dragons.ogg,
\Ambiences\Basic\Planes\堕影冥界城堡庭院邪教徒^Shadowfell Castle Cultists in Courtyard.ogg,
\Ambiences\Basic\Planes\堕影冥界城堡生物巢穴^Shadowfell Castle Creatures' Lair.ogg,
\Ambiences\Basic\Planes\堕影冥界城堡（噩梦般）^Shadowfell Castle (Nightmarish).ogg,
\Ambiences\Basic\Planes\堕影冥界失落圣所^Shadowfell Lost Sanctuary.ogg,
\Ambiences\Basic\Planes\多风平台（奇幻）^Windy Platform (Fantasy).ogg,
\Ambiences\Basic\Planes\妖精荒野图书馆^Feywild Library.ogg,
\Ambiences\Basic\Planes\次元圣所^Dimensional Sanctum.ogg,
\Ambiences\Basic\Planes\次元圣所（原始）^Dimensional Sanctum (Primordial).ogg,
\Ambiences\Basic\Planes\次元圣所（神圣）^Dimensional Sanctum (Holy).ogg,
"\Ambiences\Basic\Planes\次元圣所（神圣，原始）^Dimensional Sanctum (Holy, Primordial).ogg",
\Ambiences\Basic\Planes\次元圣所（马厩）^Dimensional Sanctum (Stable).ogg,
\Ambiences\Basic\Planes\深空平台（奇幻）^Deep Space Platform (Fantasy).ogg,
\Ambiences\Basic\Planes\混沌位面修道院传送门^Chaos Plane Monastery Portals.ogg,
\Ambiences\Basic\Planes\混沌位面修道院地穴^Chaos Plane Monastery Crypts.ogg,
\Ambiences\Basic\Planes\混沌位面修道院孵化室^Chaos Plane Monastery Incubation Room.ogg,
\Ambiences\Basic\Planes\混沌位面修道院巨蛇^Chaos Plane Monastery Serpents.ogg,
\Ambiences\Basic\Planes\混沌位面修道院房间^Chaos Plane Monastery Rooms.ogg,
\Ambiences\Basic\Planes\混沌位面修道院浴场^Chaos Plane Monastery Baths.ogg,
\Ambiences\Basic\Planes\混沌位面修道院锻造场^Chaos Plane Monastery Forge.ogg,
\Ambiences\Basic\Planes\竹林妖精荒野（诡异）^Bamboo Feywild (Eerie).ogg,
"\Ambiences\Basic\Planes\竹林妖精荒野（诡异，无河）^Bamboo Feywild (Eerie, No River).ogg",
\Ambiences\Basic\Planes\竹林妖精荒野（魔法）^Bamboo Feywild (Enchanted).ogg,
"\Ambiences\Basic\Planes\竹林妖精荒野（魔法，无河）^Bamboo Feywild (Enchanted, No River).ogg",
\Ambiences\Basic\Planes\虚空平原^Void Plains.ogg,
\Ambiences\Basic\Planes\虚空生态系统^Void Ecosystem.ogg,
\Ambiences\Basic\Planes\虚空风暴之地^Void Stormland.ogg,
\Ambiences\Basic\Planes\魔法城市地震^Magical Earthquake In City.ogg,
\Ambiences\Basic\Planes\魔法城市地震（有人）^Magical Earthquake In City With People.ogg,
\Ambiences\Basic\Steampunk\蒸汽朋克不谐乐器工厂^Steampunk Dissonant Musical Instruments Factory.ogg,
\Ambiences\Basic\Steampunk\蒸汽朋克乐器工厂^Steampunk Musical Instruments Factory.ogg,
\Ambiences\Basic\Steampunk\蒸汽朋克地牢^Steampunk Dungeon.ogg,
\Ambiences\Basic\Steampunk\蒸汽朋克地牢（无机器人）^Steampunk Dungeon (no robot).ogg,
\Ambiences\Basic\Steampunk\蒸汽朋克城堡^Steampunk Castle.ogg,
\Ambiences\Basic\Steampunk\蒸汽朋克工厂^Steampunk Factory.ogg,
\Ambiences\Basic\Steampunk\蒸汽朋克工厂熔炉^Steampunk Factory Furnace.ogg,
\Ambiences\Basic\Steampunk\蒸汽朋克浴场^Steampunk Thermae.ogg,
\Ambiences\Basic\Steampunk\蒸汽朋克铁匠铺^Steampunk Blacksmith.ogg,
\Ambiences\Basic\Steampunk\蒸汽自动机在丛林^Steampunk Automaton In Jungle.ogg,
\Ambiences\Basic\Steampunk\蒸汽自动机在冻原^Steampunk Automaton In Tundra.ogg,
\Ambiences\Basic\Steampunk\蒸汽自动机在城市^Steampunk Automaton In City.ogg,
\Ambiences\Basic\Steampunk\蒸汽自动机在夜间丛林^Steampunk Automaton In Jungle At Night.ogg,
\Ambiences\Basic\Steampunk\蒸汽自动机在夜间湿地^Steampunk Automaton In Wetland At Night.ogg,
\Ambiences\Basic\Steampunk\蒸汽自动机在夜间野外^Steampunk Automaton In Nature At Night.ogg,
\Ambiences\Basic\Steampunk\蒸汽自动机在沙尘暴中^Steampunk Automaton In Sandstorm.ogg,
\Ambiences\Basic\Steampunk\蒸汽自动机在沙漠^Steampunk Automaton In Desert.ogg,
\Ambiences\Basic\Steampunk\蒸汽自动机在洞穴^Steampunk Automaton In Cave.ogg,
\Ambiences\Basic\Steampunk\蒸汽自动机在海岸^Steampunk Automaton On The Shore.ogg,
\Ambiences\Basic\Steampunk\蒸汽自动机在湿地^Steampunk Automaton In Wetland.ogg,
\Ambiences\Basic\Steampunk\蒸汽自动机在潮湿洞穴^Steampunk Automaton In Damp Cave.ogg,
\Ambiences\Basic\Steampunk\蒸汽自动机在野外^Steampunk Automaton In Nature.ogg,
\Ambiences\Basic\Steampunk\钢铁巨人 - 丛林^Iron Giant - Jungle.ogg,
\Ambiences\Basic\Steampunk\钢铁巨人 - 动力室^Iron Giant - Power Room.ogg,
\Ambiences\Basic\Steampunk\钢铁巨人 - 动力室无怪物^Iron Giant - Power Room No Monster.ogg,
\Ambiences\Basic\Steampunk\钢铁巨人 - 安静^Iron Giant - Quiet.ogg,
\Ambiences\Basic\Steampunk\钢铁巨人 - 安静无怪物^Iron Giant - Quiet & No Monster.ogg,
\Ambiences\Basic\Steampunk\钢铁巨人 - 无怪物^Iron Giant - No Monster.ogg,
\Ambiences\Basic\Steampunk\钢铁巨人^Iron Giant.ogg,
\Ambiences\Basic\Steampunk\黑暗都市^Dark Metropolis.ogg,
\Ambiences\Basic\Steampunk\黑暗都市港口^Dark Metropolis Harbor.ogg,
\Ambiences\Basic\Steampunk\黑暗都市贫民窟^Dark Metropolis Slums.ogg,
\Ambiences\Basic\Steampunk\黑暗都市贫民窟（雨）^Dark Metropolis Slums with Rain.ogg,
\Ambiences\Basic\Subterranean\地下呼吸蘑菇森林^Underground Breathing Mushroom Forest.ogg,
\Ambiences\Basic\Subterranean\地下河划艇^Rowboat on Underground River.ogg,
\Ambiences\Basic\Subterranean\地下湖岸（危险）^Underground Lake Shore (Dangerous).ogg,
\Ambiences\Basic\Subterranean\地下湖岸（滴水）^Underground Lake Shore (Dripping).ogg,
\Ambiences\Basic\Subterranean\地下蘑菇森林 - 下水道^Underground Mushroom Forest - Sewers.ogg,
\Ambiences\Basic\Subterranean\地下蘑菇森林 - 主旋律^Underground Mushroom Forest - Main.ogg,
\Ambiences\Basic\Subterranean\地下蘑菇森林 - 低沉^Underground Mushroom Forest - Low.ogg,
\Ambiences\Basic\Subterranean\地下蘑菇森林 - 平静^Underground Mushroom Forest - Calm.ogg,
\Ambiences\Basic\Subterranean\地下蘑菇森林 - 沼泽^Underground Mushroom Forest - Swamps.ogg,
\Ambiences\Basic\Subterranean\垃圾场洞穴^Junkyard Cave.ogg,
\Ambiences\Basic\Subterranean\多风的水晶地牢^Crystal Dungeon (Windy).ogg,
\Ambiences\Basic\Subterranean\岩洞图书馆^Cavern Library.ogg,
\Ambiences\Basic\Subterranean\幽暗地域人类避难所^Underdark Refuge With Humans.ogg,
\Ambiences\Basic\Subterranean\幽暗地域兽人避难所^Underdark Refuge With Orcs.ogg,
\Ambiences\Basic\Subterranean\幽暗地域洞穴流水神殿^Water Shrine In Underdark Cave.ogg,
\Ambiences\Basic\Subterranean\幽暗地域洞穴火焰神殿^Fire Shrine In Underdark Cave.ogg,
\Ambiences\Basic\Subterranean\幽暗地域矮人避难所^Underdark Refuge With Dwarves.ogg,
\Ambiences\Basic\Subterranean\幽暗地域精灵避难所^Underdark Refuge With Elves.ogg,
\Ambiences\Basic\Subterranean\幽暗地域蜥蜴人避难所^Underdark Refuge With Lizardfolk.ogg,
\Ambiences\Basic\Subterranean\慢速矿车层^Slow Minecart Layer.ogg,
\Ambiences\Basic\Subterranean\机械电梯层^Mechanical Elevator Layer.ogg,
\Ambiences\Basic\Subterranean\水晶地牢（低语）^Crystal Dungeon (Whispers).ogg,
\Ambiences\Basic\Subterranean\水晶地牢（变体）^Crystal Dungeon (Alternative).ogg,
\Ambiences\Basic\Subterranean\水晶地牢（诡异）^Crystal Dungeon (Eerie).ogg,
"\Ambiences\Basic\Subterranean\水晶地牢（风，魔法）^Crystal Dungeon (Wind, Enchanted).ogg",
\Ambiences\Basic\Subterranean\水晶地牢（魔法）^Crystal Dungeon (Enchanted).ogg,
\Ambiences\Basic\Subterranean\水晶洞穴竖井电梯^Mineshaft Elevator In Crystal Cave.ogg,
\Ambiences\Basic\Subterranean\水晶矿场^Crystal Mining Site.ogg,
\Ambiences\Basic\Subterranean\洞穴中的船^Ship in Cave.ogg,
\Ambiences\Basic\Subterranean\洞穴中的船内^Ship Interior In Cave.ogg,
\Ambiences\Basic\Subterranean\洞穴中的船内（楼上有海盗）^Ship Interior In Cave With Pirates Upstairs.ogg,
\Ambiences\Basic\Subterranean\海盗洞穴^Pirate Cave.ogg,
\Ambiences\Basic\Subterranean\深渊蜥蜴人村庄^Lizardfolk Village in The Deep.ogg,
\Ambiences\Basic\Subterranean\潮湿洞穴竖井电梯^Mineshaft Elevator In Damp Cave.ogg,
\Ambiences\Basic\Subterranean\熔岩上的平台（中立）^Platform Over Lava (Neutral).ogg,
\Ambiences\Basic\Subterranean\狗头人垃圾场洞穴^Kobold Junkyard Cave.ogg,
\Ambiences\Basic\Subterranean\矮人失落圣所^Dwarven Lost Sanctuary.ogg,
\Ambiences\Basic\Subterranean\矮人失落圣所（无熔岩）^Dwarven Lost Sanctuary (No lava).ogg,
\Ambiences\Basic\Subterranean\石器时代洞穴营地^Stone Age Cave Camp.ogg,
\Ambiences\Basic\Subterranean\矿井层的快速矿车^Fast Minecart in Mine Layer.ogg,
\Ambiences\Basic\Subterranean\矿井层的慢速矿车^Slow Minecart In Mine Layer.ogg,
\Ambiences\Basic\Subterranean\竖井电梯^Mineshaft Elevator.ogg,
\Ambiences\Basic\Subterranean\被祝福的幽暗地域洞穴^Blessed Underdark Cave.ogg,
\Ambiences\Basic\Subterranean\诡异幽暗地域洞穴^Unsettling Underdark Cave.ogg,
\Ambiences\Basic\Subterranean\迷失时空的洞穴^Cave Lost In Time.ogg,
\Ambiences\Basic\Subterranean\迷失时空的矿井^Mine Lost In Time.ogg,
\Ambiences\Basic\Subterranean\通往岩洞的下水道^Sewers To Caverns.ogg,
\Ambiences\Basic\Subterranean\雨中石器时代洞穴营地^Stone Age Cave Camp With Rain.ogg,
\Ambiences\Basic\Subterranean\风暴中石器时代洞穴营地^Stone Age Cave Camp With Storm.ogg,
\Ambiences\Basic\Travel\丛林行走^Walking In A Jungle.ogg,
\Ambiences\Basic\Travel\地中海地区行走^Walking In A Mediterranean Region.ogg,
\Ambiences\Basic\Travel\地狱行走^Walking In Hell.ogg,
\Ambiences\Basic\Travel\多风通道行走^Walking In A Windy Passage.ogg,
\Ambiences\Basic\Travel\夜间丛林行走^Walking In A Jungle At Night.ogg,
\Ambiences\Basic\Travel\夜间森林行走^Walking In A Forest At Night.ogg,
\Ambiences\Basic\Travel\夜间沙漠行走^Walking In A Desert At Night.ogg,
\Ambiences\Basic\Travel\山地行走^Walking In The Mountains.ogg,
\Ambiences\Basic\Travel\幽灵列车^Ghost Train.ogg,
\Ambiences\Basic\Travel\强风中行走^Walking In Heavy Winds.ogg,
\Ambiences\Basic\Travel\恐龙商队 - 丛林^Dinosaur Caravan Jungle.ogg,
\Ambiences\Basic\Travel\恐龙商队 - 森林^Dinosaur Caravan Forest.ogg,
\Ambiences\Basic\Travel\恐龙商队 - 沙漠^Dinosaur Caravan Desert.ogg,
\Ambiences\Basic\Travel\恐龙商队 - 火山^Dinosaur Caravan Volcano.ogg,
\Ambiences\Basic\Travel\森林行走^Walking In A Forest.ogg,
\Ambiences\Basic\Travel\沙漠峡谷行走^Walking In A Desert Canyon.ogg,
\Ambiences\Basic\Travel\沙漠行走^Walking In A Desert.ogg,
\Ambiences\Basic\Travel\海岸行走^Walking On The Shore.ogg,
\Ambiences\Basic\Travel\火山原行走^Walking In A Volcanic Field.ogg,
\Ambiences\Basic\Travel\热气球（推进式）^Hot Air Balloon (Propelled).ogg,
\Ambiences\Basic\Travel\生机冻原行走^Walking In A Lively Tundra.ogg,
\Ambiences\Basic\Travel\精灵森林行走^Walking In An Elven Forest.ogg,
\Ambiences\Basic\Travel\织梦列车^Dreamholder Train.ogg,
\Ambiences\Basic\Travel\织梦列车（噩梦）^Dreamholder Train (Nightmare).ogg,
"\Ambiences\Basic\Travel\织梦列车（噩梦，计时器）^Dreamholder Train (Nightmare,Timer).ogg",
\Ambiences\Basic\Travel\草原行走^Walking In The Grasslands.ogg,
\Ambiences\Basic\Travel\闹鬼列车^Haunted Train.ogg,
\Ambiences\Basic\Travel\闹鬼地带行走^Walking In A Haunted Landscape.ogg,
\Ambiences\Basic\Travel\驿站马车（无背景音）^Stagecoach (No Background).ogg,
\Ambiences\Basic\Travel\骑狮鹫^Griffonriding.ogg,
\Ambiences\Basic\Travel\骑龙^Dragonriding.ogg,
\Ambiences\Basic\Tropical\丛林中的诡异降雪^Eerie Snowfall In The Jungle.ogg,
\Ambiences\Basic\Tropical\丛林兽人营地^Orc Camp Jungle.ogg,
\Ambiences\Basic\Tropical\丛林河流^Jungle River.ogg,
\Ambiences\Basic\Tropical\丛林瀑布^Jungle Waterfall.ogg,
\Ambiences\Basic\Tropical\丛林石器时代营地^Jungle Stone Age Camp.ogg,
\Ambiences\Basic\Tropical\丛林石器时代营地（恐龙）^Jungle Stone Age Camp With Dinos.ogg,
\Ambiences\Basic\Tropical\丛林精灵废墟^Elven Ruins in a Jungle.ogg,
\Ambiences\Basic\Tropical\丛林蜥蜴人村庄^Lizardfolk Village in Jungle.ogg,
\Ambiences\Basic\Tropical\丛林降雪^Snowfall In The Jungle.ogg,
\Ambiences\Basic\Tropical\周围有威胁的丛林^Jungle Menace Around.ogg,
\Ambiences\Basic\Tropical\夜间丛林兽人营地^Orc Camp Jungle Night.ogg,
\Ambiences\Basic\Tropical\夜间丛林河流^Jungle River during Night.ogg,
\Ambiences\Basic\Tropical\夜间丛林精灵废墟^Elven Ruins in a Jungle at Night.ogg,
\Ambiences\Basic\Tropical\夜间热带海岸^Tropical Coast during Night.ogg,
\Ambiences\Basic\Tropical\水晶丛林^Crystals Jungle.ogg,
\Ambiences\Basic\Tropical\水晶丛林河流^Crystals Jungle River.ogg,
\Ambiences\Basic\Tropical\热带大河划艇^Rowboat on Large Tropical River.ogg,
\Ambiences\Basic\Tropical\热带河流划艇（夜间）^Rowboat on Tropical River Night.ogg,
\Ambiences\Basic\Tropical\热带海岸营火^Tropical Coast Campfire.ogg,
\Ambiences\Basic\Tropical\神秘丛林^Enigmatic Jungle.ogg,
\Ambiences\Basic\Tropical\神秘丛林^Mystical Jungle.ogg,
\Ambiences\Basic\Tropical\神秘夜间丛林^Mystical Jungle Night.ogg,
\Ambiences\Basic\Tropical\虫群丛林^Jungle With Insect Swarm.ogg,
\Ambiences\Basic\Tropical\虫群夜间丛林^Jungle At Night With Insect Swarm.ogg,
\Ambiences\Basic\Tropical\迷失时空的丛林^Jungle Lost In Time.ogg,
\Ambiences\Basic\Tropical\部落丛林^Tribal Jungle.ogg,
\Ambiences\Basic\Tropical\闹鬼丛林^Haunted Jungle.ogg,
\Ambiences\Basic\Tropical\食人族丛林^Cannibals Jungle.ogg,
\Ambiences\Basic\Undead\岸边沉船（闹鬼）^Ship Wreck on Shore (Haunted).ogg,
\Ambiences\Basic\Undead\幽灵图书馆^Ghostly Library.ogg,
\Ambiences\Basic\Undead\惊悚瞭望塔^Creepy Watchtower.ogg,
\Ambiences\Basic\Undead\死灵之城^Necropolis City.ogg,
\Ambiences\Basic\Undead\死灵之城僵尸挖掘^Necropolis Zombies Mining.ogg,
\Ambiences\Basic\Undead\死灵之城图书馆^Necropolis Library.ogg,
\Ambiences\Basic\Undead\死灵之城大岩洞^Necropolis Large Cavern.ogg,
\Ambiences\Basic\Undead\死灵之城潮湿岩洞^Necropolis Wet Cavern.ogg,
\Ambiences\Basic\Undead\死灵之城灵魂尖塔^Necropolis Soul Spire.ogg,
\Ambiences\Basic\Undead\死灵之城走廊^Necropolis Corridors.ogg,
\Ambiences\Basic\Undead\死灵之城酒馆^Necropolis Tavern.ogg,
\Ambiences\Basic\Undead\死灵之城酒馆（僵尸与幽灵）^Necropolis Tavern With Zombies And Ghosts.ogg,
\Ambiences\Basic\Undead\死灵之城酒馆（僵尸）^Necropolis Tavern With Zombies.ogg,
\Ambiences\Basic\Undead\死灵之城骷髅挖掘^Necropolis Skeletons Mining.ogg,
\Ambiences\Basic\Undead\死灵之城（幽灵）^Necropolis With Spirits.ogg,
\Ambiences\Basic\Undead\死灵仪式^Necropolis Ritual.ogg,
\Ambiences\Basic\Undead\死灵仪式将成^Necropolis Ritual Almost Finished.ogg,
\Ambiences\Basic\Undead\闹鬼宅邸^Haunted Mansion.ogg,
\Ambiences\Basic\Undead\闹鬼宅邸（无鬼火）^Haunted Mansion No Whisp.ogg,
\Ambiences\Basic\Water\噩梦中的遇险潜水员^Diver In Danger In a Nightmare.ogg,
\Ambiences\Basic\Water\地下河^Underground River.ogg,
\Ambiences\Basic\Water\夜间港口兽人营地^Orc Camp Harbor Night.ogg,
\Ambiences\Basic\Water\大河^Large River.ogg,
\Ambiences\Basic\Water\奇妙深渊^Wondrous Abyss.ogg,
\Ambiences\Basic\Water\山地河流^Mountain River.ogg,
\Ambiences\Basic\Water\山地激流^Mountain Rapids.ogg,
\Ambiences\Basic\Water\岸边火焰神殿^Fire Shrine On Shore.ogg,
\Ambiences\Basic\Water\岸边营火（海鸥）^Campfire on the Shore (Seagulls).ogg,
\Ambiences\Basic\Water\岸边风暴^Storm On Shore.ogg,
\Ambiences\Basic\Water\岸边风暴雷声^Storm On Shore With Thunder.ogg,
\Ambiences\Basic\Water\废弃港口^Ruined Port.ogg,
\Ambiences\Basic\Water\怒海桨帆船划行^Galley Rowing in Rough Seas.ogg,
\Ambiences\Basic\Water\怒海桨帆船划行（鼓声）^Galley Rowing With Drums in Rough Seas.ogg,
\Ambiences\Basic\Water\恐惧深渊氧气面罩^Oxygen Mask In Dreadful Abyss.ogg,
\Ambiences\Basic\Water\拟形怪船上层甲板^Mimic Ship Upper Deck.ogg,
\Ambiences\Basic\Water\拟形怪船下层甲板^Mimic Ship Lower Deck.ogg,
\Ambiences\Basic\Water\拟形怪船心脏^Mimic Ship The Heart.ogg,
\Ambiences\Basic\Water\拟形怪船水下^Mimic Ship Underwater.ogg,
\Ambiences\Basic\Water\拟形怪船深处^Mimic Ship Depths.ogg,
\Ambiences\Basic\Water\机械深渊^Mechanical Abyss.ogg,
\Ambiences\Basic\Water\桨帆船划行^Galley Rowing.ogg,
\Ambiences\Basic\Water\桨帆船划行（鼓声）^Galley Rowing With Drums.ogg,
\Ambiences\Basic\Water\氧气面罩^Oxygen Mask.ogg,
\Ambiences\Basic\Water\水晶沙漠（蠕虫）^Crystal Desert (Worms).ogg,
\Ambiences\Basic\Water\水晶海岸（土元素）^Crystal Shores (Earth Elementals).ogg,
\Ambiences\Basic\Water\水晶海岸（无蠕虫）^Crystal Shores (No Worm).ogg,
\Ambiences\Basic\Water\水晶海岸（矿工）^Crystal Shores (Miners).ogg,
\Ambiences\Basic\Water\水晶海岸（虫巢）^Crystal Shores (Hive).ogg,
\Ambiences\Basic\Water\水晶海岸（风暴将至）^Crystal Shores (Storm Incoming).ogg,
\Ambiences\Basic\Water\海族采矿行动^Sea People Mining Operation.ogg,
\Ambiences\Basic\Water\海洋神殿布道^Ocean Temple Sermon.ogg,
\Ambiences\Basic\Water\海洋神殿布道（低语）^Ocean Temple Sermon With Whispers.ogg,
\Ambiences\Basic\Water\海洋神殿布道（风暴）^Ocean Temple Sermon With Storm.ogg,
\Ambiences\Basic\Water\海洋神殿深处^Ocean Temple Depths.ogg,
\Ambiences\Basic\Water\海洋神殿深处布道（低语）^Ocean Temple Depths Sermon With Whispers.ogg,
\Ambiences\Basic\Water\海洋神殿深处（低语）^Ocean Temple Depths With Whispers.ogg,
\Ambiences\Basic\Water\海洋神殿（风暴）^Ocean Temple with Storm.ogg,
\Ambiences\Basic\Water\海洞人类避难所^Sea Cave Refuge With Humans.ogg,
\Ambiences\Basic\Water\海洞兽人避难所^Sea Cave Refuge With Orcs.ogg,
\Ambiences\Basic\Water\海洞矮人避难所^Sea Cave Refuge With Dwarves.ogg,
\Ambiences\Basic\Water\港口兽人营地^Orc Camp Harbor.ogg,
\Ambiences\Basic\Water\湖畔码头^Lakeside Dock.ogg,
\Ambiences\Basic\Water\湖畔码头（夜间）^Lakeside Dock Night.ogg,
\Ambiences\Basic\Water\湖畔码头（有人）^Lakeside Dock with People.ogg,
\Ambiences\Basic\Water\漂浮蘑菇岛（干风暴）^Floating Mushroom Island (Dry Storm).ogg,
\Ambiences\Basic\Water\漂浮蘑菇岛（营火）^Floating Mushroom Island (Campfire).ogg,
\Ambiences\Basic\Water\漂浮蘑菇岛（风暴）^Floating Mushroom Island (Storm).ogg,
\Ambiences\Basic\Water\潜水员^Diver.ogg,
\Ambiences\Basic\Water\狂暴海岸火焰神殿^Fire Shrine On Tumultuous Shore.ogg,
\Ambiences\Basic\Water\虫群海岸^Coast With Insect Swarm.ogg,
\Ambiences\Basic\Water\被祝福的海岸^Blessed Shore.ogg,
\Ambiences\Basic\Water\被祝福的狂暴海岸^Blessed Tumultuous Shore.ogg,
\Ambiences\Basic\Water\诡异海岸^Unsettling Shore.ogg,
\Ambiences\Basic\Water\诡异深渊^Unsettling Abyss.ogg,
\Ambiences\Basic\Water\诡异狂暴海岸^Unsettling Tumultuous Shore.ogg,
\Ambiences\Basic\Water\遇险潜水员^Diver In Danger.ogg,
\Ambiences\Basic\Water\部落深渊^Tribal Abyss.ogg,
\Ambiences\Basic\Water\闹鬼深渊^Haunted Abyss.ogg,
\Ambiences\Basic\Water\雷鸣海岸^Thunderous Shore.ogg,
\Ambiences\Basic\Water\雷鸣狂暴海岸^Thunderous Tumultuous Shore.ogg,
\Ambiences\Basic\Water\魔法深渊^Enchanted Abyss.ogg,
\Ambiences\Basic\Wetland\受诅咒的湿地^Cursed Marsh.ogg,
\Ambiences\Basic\Wetland\夜间沼泽^Swamp At Night.ogg,
\Ambiences\Basic\Wetland\夜间沼泽兽人营地^Orc Camp Swamp Night.ogg,
\Ambiences\Basic\Wetland\夜间沼泽哥布林营地^Goblins Camp in a Swamp Night.ogg,
\Ambiences\Basic\Wetland\夜间沼泽精灵废墟^Elven Ruins in a Swamp at Night.ogg,
\Ambiences\Basic\Wetland\女巫沼泽^The Witch's Swamp.ogg,
\Ambiences\Basic\Wetland\水晶沼泽^Crystal Swamp.ogg,
\Ambiences\Basic\Wetland\沼泽兽人营地^Orc Camp Swamp.ogg,
\Ambiences\Basic\Wetland\沼泽哥布林营地^Goblins Camp in a Swamp.ogg,
\Ambiences\Basic\Wetland\沼泽大河划艇^Rowboat on Large Swamp River.ogg,
\Ambiences\Basic\Wetland\沼泽流水神殿^Swamp Water Shrine.ogg,
\Ambiences\Basic\Wetland\沼泽火焰神殿^Swamp Fire Shrine.ogg,
\Ambiences\Basic\Wetland\沼泽焦油坑^Swamp Tar Pits.ogg,
\Ambiences\Basic\Wetland\沼泽狼圈^Wolves Pen in a Swamp.ogg,
\Ambiences\Basic\Wetland\沼泽矮人营地^Dwarves Camp In A Swamp.ogg,
\Ambiences\Basic\Wetland\沼泽精灵废墟^Elven Ruins in a Swamp.ogg,
\Ambiences\Basic\Wetland\沼泽精灵营地^Elven Camp In A Swamp.ogg,
\Ambiences\Basic\Wetland\沼泽蜥蜴人村庄^Lizardfolk Village in Swamps.ogg,
\Ambiences\Basic\Wetland\沼泽蜥蜴人营地^Lizardfolk Camp In A Swamp.ogg,
\Ambiences\Basic\Wetland\沼泽间歇泉^Swamp Geysers.ogg,
\Ambiences\Basic\Wetland\满是怪物的沼泽^Swamp Full of Monsters.ogg,
\Ambiences\Basic\Wetland\荆棘沼泽（划艇）^Thorny Swamps (Rowboat).ogg,
\Ambiences\Basic\Wetland\虫群沼泽^Swamp With Insect Swarm.ogg,
\Ambiences\Basic\Wetland\被祝福的沼泽^Blessed Swamp.ogg,
\Ambiences\Basic\Wetland\诡异沼泽^Unsettling Swamp.ogg,
\Ambiences\Basic\Wetland\远古沼泽^Ancient Swamp.ogg,
\Ambiences\Basic\Wetland\迷失时空的沼泽^Swamp Lost In Time.ogg,
\Ambiences\Basic\Wetland\迷失时空的黑暗沼泽^Dark Swamp Lost In Time.ogg,
\Ambiences\Basic\Wetland\雷鸣夜间沼泽^Thunderous Swamp At Night.ogg,
\Ambiences\Basic\Wetland\雷鸣沼泽^Thunderous Swamp.ogg,
\Ambiences\Basic\Wetland\风暴沼泽^Stormy Swamp.ogg,
\Ambiences\Medieval\冬日之王的礼物公会（循环）^Winter King's Gift Guild (Loop).ogg,
\Ambiences\Medieval\被困的墓穴叩击者（循环）^Trapped Tomb Tapper (Loop).ogg,
\Ambiences\Modern\Evil\阴影笼罩^Shadow Over Us.ogg,
\Ambiences\Modern\Evil\黑暗降临^Approaching Darkness.ogg,
\Ambiences\Modern\Transportation\暴风雪中的雪地摩托^Snowmobile in Blizzard.ogg,
\Ambiences\Modern\Transportation\潜水艇（遇险）^Submarine (Distress).ogg,
\Ambiences\Modern\Transportation\矿井地下列车^Mine Underground Train.ogg,
\Ambiences\Modern\Transportation\福特 A 型车^Ford Model A.ogg,
\Ambiences\Modern\Transportation\货船（灯光）^Cargo Ship (Lights).ogg,
\Ambiences\Modern\Transportation\运输直升机^Transport Helicopter.ogg,
\Ambiences\Modern\Transportation\闹鬼货船^Haunted Cargo Ship.ogg,
\Ambiences\Modern\Transportation\闹鬼货船（无灯光 - 金属压力声）^Haunted Cargo Ship (No Light - Metal Stress).ogg,
\Ambiences\Modern\Transportation\闹鬼货船（无灯光）^Haunted Cargo Ship (No Light).ogg,
\Ambiences\Modern\Transportation\雪地摩托^Snowmobile.ogg,
\Ambiences\Modern\Undead\僵尸末日（仅人声）^Zombie Apocalyse (People Only).ogg,
\Ambiences\Modern\Urban\1920 年代城市 - 平静^1920 City - Calm.ogg,
\Ambiences\Modern\Urban\1920 年代城市 - 繁忙^1920 City - Busy.ogg,
\Ambiences\Modern\Urban\1920 年代建筑内部（带风扇）^1920s Building Interior With Fan.ogg,
\Ambiences\Modern\Urban\1920 年代报社办公室^1920s Newspaper Office.ogg,
\Ambiences\Modern\Urban\1920 年代酒吧^1920s Pub.ogg,
\Ambiences\Modern\Urban\恐怖街区^Creepy Neighborhood.ogg,
\Ambiences\Modern\Urban\惊悚工厂^Creepy Factory.ogg,
\Ambiences\Modern\Urban\笼罩城市的阴影^Shadow Over The City.ogg,
\Ambiences\Sci-Fi\Buildings\多风平台 (嘎吱声)^Windy Platform (Creaking).ogg,
\Ambiences\Sci-Fi\Buildings\多风平台 (工厂)^Windy Platform With Factory.ogg,
\Ambiences\Sci-Fi\Buildings\实验力场室^Experiment Forcefield Room.ogg,
\Ambiences\Sci-Fi\Buildings\实验室冷冻舱^Lab Cold Chamber.ogg,
\Ambiences\Sci-Fi\Buildings\控制室 - 两名员工^Control Room with Two Employees.ogg,
\Ambiences\Sci-Fi\Buildings\控制室 - 多人^Control Room Many People.ogg,
\Ambiences\Sci-Fi\Buildings\控制室^Control Room.ogg,
\Ambiences\Sci-Fi\Buildings\极地实验室 - 室外^Arctic Lab Outside.ogg,
\Ambiences\Sci-Fi\Buildings\极地实验室 - 室外昏暗^Arctic Lab Outside Darker.ogg,
\Ambiences\Sci-Fi\Buildings\极地实验室 - 室外暴雪^Arctic Lab Outside Blizzard.ogg,
\Ambiences\Sci-Fi\Buildings\极地实验室 - 感染^Arctic Lab Infested.ogg,
\Ambiences\Sci-Fi\Buildings\极地实验室 - 有人^Arctic Lab With People.ogg,
\Ambiences\Sci-Fi\Buildings\极地实验室^Arctic Lab.ogg,
\Ambiences\Sci-Fi\Buildings\洞穴实验力场^Experiment Forcefield In Cave.ogg,
\Ambiences\Sci-Fi\Buildings\空间站食堂^Spatial Station Dining Hall.ogg,
\Ambiences\Sci-Fi\Buildings\维修走廊^Service Corridor.ogg,
\Ambiences\Sci-Fi\Buildings\西西弗斯前哨站 - 仓库 (忙碌)^Outpost Sisyphus - Warehouse Busy.ogg,
\Ambiences\Sci-Fi\Buildings\西西弗斯前哨站 - 仓库 (空旷)^Outpost Sisyphus - Warehouse Empty.ogg,
\Ambiences\Sci-Fi\Buildings\西西弗斯前哨站 - 仓库火灾 (中)^Outpost Sisyphus - Warehouse Fire (Medium).ogg,
\Ambiences\Sci-Fi\Buildings\西西弗斯前哨站 - 仓库火灾 (大)^Outpost Sisyphus - Warehouse Fire (Large).ogg,
"\Ambiences\Sci-Fi\Buildings\西西弗斯前哨站 - 仓库火灾 (大，爆炸)^Outpost Sisyphus - Warehouse Fire (Large, Explosions).ogg",
\Ambiences\Sci-Fi\Buildings\西西弗斯前哨站 - 仓库火灾 (小)^Outpost Sisyphus - Warehouse Fire (Small).ogg,
\Ambiences\Sci-Fi\Buildings\西西弗斯前哨站 - 行动塔 (医疗实验室)^Outpost Sisyphus - Ops Tower (Medlab).ogg,
\Ambiences\Sci-Fi\Buildings\西西弗斯前哨站 - 行动塔 (室内环境音)^Outpost Sisyphus - Ops Tower (Room Tone).ogg,
\Ambiences\Sci-Fi\Buildings\西西弗斯前哨站 - 行动塔 (断电)^Outpost Sisyphus - Ops Tower (Power Out).ogg,
\Ambiences\Sci-Fi\Buildings\赛博朋克夜店 - 嗑药迷幻^Cyberpunk Nightclub On Drugs.ogg,
\Ambiences\Sci-Fi\Buildings\赛博朋克夜店 - 地下^Cyberpunk Nightclub Subterranean.ogg,
\Ambiences\Sci-Fi\Buildings\赛博朋克夜店 - 浴室 (安全版)^Cyberpunk Nightclub Bathroom SFW.ogg,
\Ambiences\Sci-Fi\Buildings\赛博朋克夜店 - 浴室^Cyberpunk Nightclub Bathroom.ogg,
\Ambiences\Sci-Fi\Buildings\赛博朋克夜店 - 老板房间^Cyberpunk Nightclub Boss Room.ogg,
\Ambiences\Sci-Fi\Buildings\赛博朋克夜店^Cyberpunk Nightclub.ogg,
\Ambiences\Sci-Fi\Combat\大气层内的星际战斗^Starship Battle in Atmosphere.ogg,
\Ambiences\Sci-Fi\Combat\星际战斗^Starship Battle.ogg,
\Ambiences\Sci-Fi\Combat\闷响的星际战斗^Muffled Starship Battle.ogg,
\Ambiences\Sci-Fi\Nature\多风平台^Windy Platform.ogg,
\Ambiences\Sci-Fi\Nature\深空平台 (嘎吱声)^Deep Space Platform (Creaking).ogg,
\Ambiences\Sci-Fi\Nature\西西弗斯前哨站 - 户外^Outpost Sisyphus - Outdoor.ogg,
\Ambiences\Sci-Fi\Nature\酸蚀星球 (风)^Acid Planet (Wind).ogg,
"\Ambiences\Sci-Fi\Nature\酸蚀星球 (风，变奏)^Acid Planet (Wind, Variant).ogg",
"\Ambiences\Sci-Fi\Nature\酸蚀星球 (风，无鸟叫)^Acid Planet (Wind, No birds).ogg",
\Ambiences\Sci-Fi\Nature\酸蚀星球怪兽^Acid Planet Monsters.ogg,
\Ambiences\Sci-Fi\Nature\酸蚀星球飞船飞过^Acid Planet Ships Pass-bys.ogg,
\Ambiences\Sci-Fi\Ships\外星生物飞船 - 医疗湾^Alien Bioship - Medical Bay.ogg,
\Ambiences\Sci-Fi\Ships\外星生物飞船 - 发电机房^Alien Bioship - Generator Room.ogg,
\Ambiences\Sci-Fi\Ships\外星生物飞船 - 控制室^Alien Bioship - Control Room.ogg,
\Ambiences\Sci-Fi\Ships\外星生物飞船 - 生物室^Alien Bioship - Creatures Room.ogg,
\Ambiences\Sci-Fi\Space\太空平台^Space Platform.ogg,
\Ambiences\Sci-Fi\Space\太空服 - 危险^Space Suit In Danger.ogg,
\Ambiences\Sci-Fi\Space\太空服 - 噩梦^Space Suit Nightmare.ogg,
\Ambiences\Sci-Fi\Space\太空服 - 噩梦中的危险^Space Suit In Danger In A Nightmare.ogg,
\Ambiences\Sci-Fi\Space\太空服^Space Suit.ogg,
\Ambiences\Sci-Fi\Space\深空工厂平台^Deep Space Factory Platform.ogg,
\Ambiences\Sci-Fi\Space\深空平台^Deep Space Platform.ogg,
\Ambiences\Sci-Fi\Subterranean\地下工厂 (外部)^Underground Factory (Outside).ogg,
\Ambiences\Sci-Fi\Subterranean\火山工厂^Volcano Factory.ogg,
\Ambiences\Sci-Fi\Subterranean\熔岩上的平台 (有飞船)^Platform Over Lava with Ships.ogg,
\Ambiences\Sci-Fi\Subterranean\熔岩上的平台^Platform Over Lava.ogg,
\Ambiences\Sci-Fi\Subterranean\熔岩平台 (嘎吱声)^Lava Platform (Creaking).ogg,
\Ambiences\Sci-Fi\Subterranean\西西弗斯前哨站 - 外星洞穴 (无粘液)^Outpost Sisyphus - Alien Cave (No Slime).ogg,
\Ambiences\Sci-Fi\Subterranean\西西弗斯前哨站 - 外星洞穴^Outpost Sisyphus - Alien Cave.ogg,
\Ambiences\Sci-Fi\Transportation\科幻直升机^Sci-Fi Helicopter.ogg,
\Ambiences\Sci-Fi\Tropical\丛林星球 - 坠机点 (内部)^Jungle Planet - Crash Site (Inside).ogg,
\Ambiences\Sci-Fi\Tropical\丛林星球 - 坠机点^Jungle Planet - Crash Site.ogg,
\Ambiences\Sci-Fi\Tropical\丛林星球 - 自然界^Jungle Planet - Nature Only.ogg,
\Ambiences\Sci-Fi\Tropical\丛林星球 - 被追猎^Jungle Planet - Hunted.ogg,
\Ambiences\Sci-Fi\Urban\垃圾镇^Junktown.ogg,
\Ambiences\Sci-Fi\Urban\垃圾镇夜间^Junktown Night.ogg,
\Ambiences\Sci-Fi\Urban\垃圾镇室内 (夜间)^Junktown Indoor During Night.ogg,
\Ambiences\Sci-Fi\Urban\垃圾镇室内^Junktown Indoor.ogg,
\Ambiences\Sci-Fi\Urban\垃圾镇工匠作坊^Junktown Tinkerer's Workshop.ogg,
\Ambiences\Sci-Fi\Urban\垃圾镇杂货店^Junktown General Goods Store.ogg,
\Ambiences\Sci-Fi\Urban\失落伊甸园 - 前哨站 (有人)^Lost Eden - Outpost with People.ogg,
\Ambiences\Sci-Fi\Urban\失落伊甸园 - 前哨站^Lost Eden - Outpost.ogg,
\Ambiences\Sci-Fi\Urban\失落伊甸园 - 集市^Lost Eden - Market.ogg,
\Ambiences\Sci-Fi\Urban\失落伊甸园 - 集市附近的室内^Lost Eden - Indoor Near Market.ogg,
\Ambiences\Sci-Fi\Urban\失落伊甸园 - 集市附近的服务器机房^Lost Eden - Server Room Near Market.ogg,
\Ambiences\Sci-Fi\Urban\赛博朋克公寓 (设备正常)^Cyberpunk Apartment (Not Faulty Devices).ogg,
\Ambiences\Sci-Fi\Urban\赛博朋克夜店外^Cyberpunk Outside Nightclub.ogg,
\Ambiences\Sci-Fi\Urban\赛博朋克街道 (有人)^Cyberpunk Streets With People.ogg,
\Ambiences\Sci-Fi\Urban\赛博朋克街道^Cyberpunk Streets.ogg,
\Ambiences\Sci-Fi\Urban\赛博朋克街道地下通道^Cyberpunk Streets Underpass.ogg,
\Ambiences\Sci-Fi\Urban\赛博朋克街道黑市^Cyberpunk Streets Black Market.ogg,
\Ambiences\Sci-Fi\Wetland\沼泽星球 - 坠机点 (内部)^Swamp Planet - Crash Site (Inside).ogg,
\Ambiences\Sci-Fi\Wetland\沼泽星球 - 坠机点^Swamp Planet - Crash Site.ogg,
\Ambiences\Sci-Fi\Wetland\沼泽星球 - 自然界^Swamp Planet - Nature Only.ogg,
\Ambiences\Sci-Fi\Wetlands\沼泽星球 - 被追猎^Swamp Planet - Hunted.ogg,
\Music\Adventure\一月^Eanair.ogg,
\Music\Adventure\三月^Marta.ogg,
\Music\Adventure\与甲虫骑士的小规模战斗^Skirmish with the Beetle Knights.ogg,
\Music\Adventure\乌尔汉纳之光^Lights Of Ulhannar.ogg,
\Music\Adventure\二月 (Feabhra)^Feabhra.ogg,
\Music\Adventure\令人不安的启示 (循环)^Disconcerting Revelations (Loop).ogg,
\Music\Adventure\令人不安的启示^Disconcerting Revelations.ogg,
\Music\Adventure\冒险的气息 (循环)^The Breath of Adventure (Loop).ogg,
\Music\Adventure\冒险的气息^The Breath of Adventure.ogg,
\Music\Adventure\冬日摇篮曲 (循环)^Winter's Lullaby (Loop).ogg,
\Music\Adventure\冬日摇篮曲^Winter's Lullaby.ogg,
\Music\Adventure\凡人的挽歌 (循环)^Mortal's Elegy (Loop).ogg,
\Music\Adventure\凡人的挽歌^Mortal's Elegy.ogg,
\Music\Adventure\努尔迪亚之风 (循环)^Winds Of Nurdia (Loop).ogg,
\Music\Adventure\努尔迪亚之风^Winds of Nurdia.ogg,
\Music\Adventure\劳作十字路口 (循环)^Toiling Crossroads (Loop).ogg,
\Music\Adventure\劳作十字路口^Toiling Crossroads.ogg,
\Music\Adventure\午夜后别喂它们^Don't Ever Feed Them After Midnight.ogg,
\Music\Adventure\双独眼巨人 (钢琴版)^Bicyclops (Piano Version).ogg,
\Music\Adventure\双独眼巨人^Bicyclops.ogg,
\Music\Adventure\四月^Aibrean.ogg,
\Music\Adventure\地基^Foundations.ogg,
\Music\Adventure\地球上的一方宁静 (循环)^A leg of Peace on this Earth (Loop).ogg,
\Music\Adventure\地球上的一方宁静^A leg of Peace on this Earth.ogg,
\Music\Adventure\埃加尔的惩罚 (循环)^Aegar's Retribution (Loop).ogg,
\Music\Adventure\埃加尔的惩罚^Aegar's Retribution.ogg,
\Music\Adventure\天空神殿^Sky Temple.ogg,
\Music\Adventure\它们无处不在^They Are Everywhere.ogg,
\Music\Adventure\对策与目的 (循环)^Solutions and Purpose (Loop).ogg,
\Music\Adventure\对策与目的^Solutions and Purpose.ogg,
\Music\Adventure\庇护之潮 (循环)^Tides of Aegis (Loop).ogg,
\Music\Adventure\庇护之潮^Tides of Aegis.ogg,
\Music\Adventure\库奥特拉丛林 (循环)^Jungles of Kuauhtla (Loop).ogg,
\Music\Adventure\库奥特拉丛林^Jungles of Kuauhtla.ogg,
\Music\Adventure\旅途的终点^One Journey's End.ogg,
\Music\Adventure\星界高地 (循环)^The Astral Heights (Loop).ogg,
\Music\Adventure\星界高地^The Astral Heights.ogg,
\Music\Adventure\杜尔马山脉^Mountains of Durma.ogg,
\Music\Adventure\灵界之锚^Anchor of the Spirit World.ogg,
\Music\Adventure\狗头人的滑稽闹剧 (循环)^Kobold's Tomfoolery (Loop).ogg,
\Music\Adventure\狗头人的滑稽闹剧^Kobold's Tomfoolery.ogg,
\Music\Adventure\猛攻^Onslaught.ogg,
\Music\Adventure\空中迷宫^Air Labyrinth.ogg,
\Music\Adventure\穿过冰冷空心 (循环)^Through the Icy Hollows (Loop).ogg,
\Music\Adventure\穿过冰冷空心^Through the Icy Hollows.ogg,
\Music\Adventure\蘑菇森林 (循环)^Mushroom Forest (Loop).ogg,
\Music\Adventure\蘑菇森林^Mushroom Forest.ogg,
\Music\Adventure\钻石王宝库 (循环)^Vaults of the Diamond King (Loop).ogg,
\Music\Adventure\钻石王宝库^Vaults of the Diamond King.ogg,
\Music\Adventure\银色瞭望塔 (循环)^Silver Watchtower (Loop).ogg,
\Music\Adventure\银色瞭望塔^Silver Watchtower.ogg,
\Music\Adventure\阿莱尼亚 范 德鲁斯基亚 (循环)^Alenya Van Druskia (Loop).ogg,
\Music\Adventure\阿莱尼亚 范 德鲁斯基亚^Alenya Van Druskia.ogg,
\Music\Adventure\霜冻秘法 (循环)^Frostbound Arcana (Loop).ogg,
\Music\Adventure\霜冻秘法^Frostbound Arcana.ogg,
\Music\Adventure\霜王通道^The Frost King's Pass.ogg,
\Music\Adventure\青龙之怒^Quinlong's Wrath.ogg,
\Music\Adventure\顺流而下 (循环)^Sailing Down The River (Loop).ogg,
\Music\Adventure\顺流而下^Sailing Down The River.ogg,
\Music\Adventure Themes (30 min)\中世纪城镇 (含环境音)^Medieval Town (With Ambience).ogg,
\Music\Adventure Themes (30 min)\中世纪城镇^Medieval Town.ogg,
\Music\Adventure Themes (30 min)\中世纪工业区 (含环境音)^Medieval Industrial District (With Ambience).ogg,
\Music\Adventure Themes (30 min)\中世纪工业区^Medieval Industrial District.ogg,
\Music\Adventure Themes (30 min)\中世纪疯人院 (含环境音)^Medieval Asylum (With Ambience).ogg,
\Music\Adventure Themes (30 min)\中世纪疯人院^Medieval Asylum.ogg,
\Music\Adventure Themes (30 min)\僧侣村庄 (含环境音)^Monk Village (With Ambience).ogg,
\Music\Adventure Themes (30 min)\僧侣村庄^Monk Village.ogg,
\Music\Adventure Themes (30 min)\克莱尔莫斯森林 (含环境音)^Clairemoth Woods (With Ambience).ogg,
\Music\Adventure Themes (30 min)\克莱尔莫斯森林^Clairemoth Woods.ogg,
\Music\Adventure Themes (30 min)\兽人营地 (含环境音)^Orc Camp (With Ambience).ogg,
\Music\Adventure Themes (30 min)\兽人营地^Orc Camp.ogg,
\Music\Adventure Themes (30 min)\原始 (含环境音)^Primal (With Ambience).ogg,
\Music\Adventure Themes (30 min)\原始^Primal.ogg,
\Music\Adventure Themes (30 min)\垃圾镇 (含环境音)^Junktown (With Ambience).ogg,
\Music\Adventure Themes (30 min)\垃圾镇^Junktown.ogg,
\Music\Adventure Themes (30 min)\太阳圣所 (含环境音)^The Sun Sanctuary (With Ambience).ogg,
\Music\Adventure Themes (30 min)\太阳圣所^The Sun Sanctuary.ogg,
\Music\Adventure Themes (30 min)\失落伊甸园 (含环境音)^The Lost Eden (With Ambience).ogg,
\Music\Adventure Themes (30 min)\失落伊甸园^The Lost Eden.ogg,
\Music\Adventure Themes (30 min)\季节神殿 (含环境音)^Temple of Seasons (With Ambience).ogg,
\Music\Adventure Themes (30 min)\季节神殿^Temple of Seasons.ogg,
\Music\Adventure Themes (30 min)\山间小路 (含环境音)^Mountain Path (With Ambience).ogg,
\Music\Adventure Themes (30 min)\山间小路^Mountain Path.ogg,
\Music\Adventure Themes (30 min)\微风沙丘 (含环境音)^Zephyr's Dune (With Ambience).ogg,
\Music\Adventure Themes (30 min)\微风沙丘^Zephyr's Dune.ogg,
\Music\Adventure Themes (30 min)\怪奇弦乐 (含环境音)^Stranger Strings (With Ambience).ogg,
\Music\Adventure Themes (30 min)\怪奇弦乐^Stranger Strings.ogg,
\Music\Adventure Themes (30 min)\旧神神殿^Temple Of The Old Gods.ogg,
\Music\Adventure Themes (30 min)\极地实验室 (含环境音)^Arctic Lab (With Ambience).ogg,
\Music\Adventure Themes (30 min)\极地实验室^Arctic Lab.ogg,
\Music\Adventure Themes (30 min)\沼泽在呼唤你的名字 (含环境音)^The Swamp Calls Your Name (With Ambience).ogg,
\Music\Adventure Themes (30 min)\沼泽在呼唤你的名字^The Swamp Calls Your Name.ogg,
\Music\Adventure Themes (30 min)\海盗洞穴 (含环境音)^Pirate Cave (With Ambience).ogg,
\Music\Adventure Themes (30 min)\海盗洞穴^Pirate Cave.ogg,
\Music\Adventure Themes (30 min)\灯笼光下的盐 (含环境音)^Salt in the Lanternlight (With Ambience).ogg,
\Music\Adventure Themes (30 min)\灯笼光下的盐^Salt in the Lanternlight.ogg,
\Music\Adventure Themes (30 min)\皇帝的地牢 (含环境音)^The Emperor's Dungeon (With Ambience).ogg,
\Music\Adventure Themes (30 min)\皇帝的地牢^The Emperor's Dungeon.ogg,
\Music\Adventure Themes (30 min)\蓝色草甸 (含环境音)^Blue Meadows (With Ambience).ogg,
\Music\Adventure Themes (30 min)\蓝色草甸^Blue Meadows.ogg,
\Music\Adventure Themes (30 min)\虚空 (含环境音)^The Void (With Ambience).ogg,
\Music\Adventure Themes (30 min)\虚空^The Void.ogg,
\Music\Adventure Themes (30 min)\蜘蛛神殿 (含环境音)^Temple Of Spiders (With Ambience).ogg,
\Music\Adventure Themes (30 min)\蜘蛛神殿^Temple of Spiders.ogg,
\Music\Adventure Themes (30 min)\迷失在时间里 (含环境音)^Lost in Time (With Ambience).ogg,
\Music\Adventure Themes (30 min)\迷失时空^Lost In Time.ogg,
\Music\Adventure Themes (30 min)\雪人洞穴 (含环境音)^Yeti's Cave (With Ambience).ogg,
\Music\Adventure Themes (30 min)\雪人洞穴^Yeti's Cave.ogg,
\Music\Adventure Themes (30 min)\雪精灵城市 (含环境音)^Snow Elves City (With Ambience).ogg,
\Music\Adventure Themes (30 min)\雪精灵城市^Snow Elves City.ogg,
\Music\Adventure Themes (30 min)\魔法学院 (含环境音)^School Of Magic (With Ambience).ogg,
\Music\Adventure Themes (30 min)\魔法学院^School of Magic.ogg,
\Music\Adventure Themes (30 min)\黑暗大都会 (含环境音)^Dark Metropolis (With Ambience).ogg,
\Music\Adventure Themes (30 min)\黑暗皇帝的新节奏 (含环境音)^Dark Emperor's New Groove (With Ambience).ogg,
\Music\Adventure Themes (30 min)\黑暗皇帝的新节奏^Dark Emperor's New Groove.ogg,
\Music\Adventure Themes (30 min)\黑暗监狱 (含环境音)^Dark Prison (With Ambience).ogg,
\Music\Adventure Themes (30 min)\黑暗监狱^Dark Prison.ogg,
\Music\Adventure Themes (30 min)\黑暗都市^Dark Metropolis.ogg,
\Music\Ballad\一个小误会^A Simple Misunderstanding.ogg,
\Music\Ballad\丁香花^Lilacs.ogg,
\Music\Ballad\万圣  十一月 (na Samhna)(循环)^na Samhna (Loop).ogg,
\Music\Ballad\万圣 十一月 (na Samhna)^na Samhna.ogg,
\Music\Ballad\与此同时^Meanwhile.ogg,
\Music\Ballad\中提琴 (循环)^Viola (Loop).ogg,
\Music\Ballad\中提琴 (钢琴)^Viola (Piano).ogg,
\Music\Ballad\中提琴^Viola.ogg,
\Music\Ballad\九月 (Meán Fómhair)(循环)^Meán Fómhair (Loop).ogg,
\Music\Ballad\九月 (Meán Fómhair)(钢琴)^Meán Fómhair (Piano).ogg,
\Music\Ballad\九月^Mean Fomhair.ogg,
\Music\Ballad\冬冠的回响 (循环)^Echoes of the Winter Crown (Loop).ogg,
\Music\Ballad\冬冠的回响^Echoes of the Winter Crown.ogg,
\Music\Ballad\剑与影 (循环)^Swords and Shadows (Loop).ogg,
\Music\Ballad\剑与影^Swords and Shadows.ogg,
\Music\Ballad\加尔蒂亚之火 (循环)^Galtia's Flame (Loop).ogg,
\Music\Ballad\加尔蒂亚之火 (竖琴)^Galtia's Flame (Harp).ogg,
\Music\Ballad\加尔蒂亚之火^Galtia's Flame.ogg,
\Music\Ballad\十月 (Deireadh Fómhair)(循环)^Deireadh Fomhair (Loop).ogg,
\Music\Ballad\十月 (Deireadh Fómhair)^Deireadh Fomhair.ogg,
\Music\Ballad\吟游诗人的悲叹 (循环)^The Bard's Lament (Loop).ogg,
\Music\Ballad\吟游诗人的悲叹^The Bard's Lament.ogg,
\Music\Ballad\国王小夜曲 (循环)^Serenade for the King (Loop).ogg,
\Music\Ballad\国王小夜曲^Serenade for the King.ogg,
\Music\Ballad\圣诞  十二月 (na Nollag)(循环)^na Nollag (Loop).ogg,
\Music\Ballad\圣诞 十二月 (na Nollag)^na Nollag.ogg,
\Music\Ballad\在一天的尽头^At the End of Day.ogg,
\Music\Ballad\少女的悲叹 (循环)^Maiden's Lament (Loop).ogg,
\Music\Ballad\少女的悲叹^Maiden's Lament.ogg,
\Music\Ballad\少女的月光之舞 (循环)^Maiden's Moonlit Dance (Loop).ogg,
\Music\Ballad\少女的月光之舞^Maiden's Moonlit Dance.ogg,
\Music\Ballad\帕利提亚的祝福^Blessings of Palitia.ogg,
\Music\Ballad\德拉肯费尔的悲伤 (循环)^Sorrows of Drakenfell (Loop).ogg,
\Music\Ballad\德拉肯费尔的悲伤^Sorrows of Drakenfell.ogg,
\Music\Ballad\我怀念旧时光^I Miss The Old Days.ogg,
\Music\Ballad\指引之光 (循环)^Guiding Lights (Loop).ogg,
\Music\Ballad\指引之光 (钢琴)^Guiding Lights (Piano).ogg,
\Music\Ballad\指引之光 (鲁特琴)^Guiding Lights (Lute).ogg,
\Music\Ballad\指引之光^Guiding Lights.ogg,
\Music\Ballad\旅店老板的赞歌^The Innkeeper's Anthem.ogg,
\Music\Ballad\星空下的盛宴 (循环)^Feast Under the Stars (Loop).ogg,
\Music\Ballad\星空下的盛宴^Feast Under the Stars.ogg,
\Music\Ballad\最后的骑士^The Last Knight.ogg,
\Music\Ballad\最美的人^The Fairest One.ogg,
\Music\Ballad\术士奏鸣曲 (循环)^Sorcerer's Sonata (Loop).ogg,
\Music\Ballad\术士奏鸣曲^Sorcerer's Sonata.ogg,
\Music\Ballad\来自大海的故事^Tales from the Sea.ogg,
\Music\Ballad\永恒赞美诗 (循环)^Hymn of Eternals (Loop).ogg,
\Music\Ballad\永恒赞美诗 (竖琴)^Hymn of Eternals (Harp).ogg,
\Music\Ballad\永恒赞美诗 (钢琴)^Hymn of Eternals (Piano).ogg,
\Music\Ballad\永恒赞美诗 (鲁特琴)^Hymn of Eternals (Lute).ogg,
\Music\Ballad\永恒赞美诗^Hymn of Eternals.ogg,
\Music\Ballad\流浪的地精 (循环)^The Wandering Goblin (Loop).ogg,
\Music\Ballad\流浪的地精^The Wandering Goblin.ogg,
\Music\Ballad\游侠的誓言 (循环)^Ranger's Oath (Loop).ogg,
\Music\Ballad\游侠的誓言^Ranger's Oath.ogg,
\Music\Ballad\盗贼的陨落^Rogue's Demise.ogg,
\Music\Ballad\秋夜^Autumn Nights .ogg,
\Music\Ballad\美丽 (循环)^Beautiful (Loop).ogg,
\Music\Ballad\美丽 (钢琴)^Beautiful (Piano).ogg,
\Music\Ballad\美丽^Beautiful.ogg,
\Music\Ballad\蓝山之河 (循环)^Rivers Of Blue Mountain (Loop).ogg,
\Music\Ballad\蓝山之河 (钢琴)^Rivers Of Blue Mountain (Piano).ogg,
\Music\Ballad\蓝山之河^Rivers Of Blue Mountain.ogg,
\Music\Ballad\谈判失败^Failed Parley.ogg,
\Music\Ballad\酒馆传说与酒杯 (循环)^Tavern Tales and Tankards (Loop).ogg,
\Music\Ballad\酒馆传说与酒杯^Tavern Tales and Tankards.ogg,
\Music\Ballad\银狮鹫旅店 (循环)^The Silver Griffin Inn (Loop).ogg,
\Music\Ballad\银狮鹫旅店^The Silver Griffin Inn.ogg,
\Music\Ballad\青色之梦 (循环)^Dreams of Teal (Loop).ogg,
\Music\Ballad\青色之梦 (钢琴)^Dreams Of Teal (Piano).ogg,
\Music\Ballad\青色之梦^Dreams Of Teal.ogg,
\Music\Ballad\骑士之心 (循环)^A Chivalrous Heart (Loop).ogg,
\Music\Ballad\骑士之心^A Chivalrous Heart.ogg,
\Music\Ballad\龙之诗 (循环)^Dragon's Poem (Loop).ogg,
\Music\Ballad\龙之诗^Dragon's Poem.ogg,
\Music\Combat\九头蛇^Hydra.ogg,
\Music\Combat\信念的考验 (循环)^Test of Conviction (Loop).ogg,
\Music\Combat\信念的考验^Test of Conviction.ogg,
\Music\Combat\军阀戈尔拉克^Golrak the Warlord.ogg,
\Music\Combat\冰霜奈蒂 (循环)^Neiitti of the Frost (Loop).ogg,
\Music\Combat\冰霜奈蒂^Neiitti of the Frost.ogg,
\Music\Combat\决心与希望^Resolve and Hope.ogg,
\Music\Combat\冷酷部落突袭^Grim Horde Assault.ogg,
\Music\Combat\刀锋机智 (循环)^Bladed Wits (Loop).ogg,
\Music\Combat\刀锋机智^Bladed Wits.ogg,
\Music\Combat\卡尔达之火 (循环)^Kalldhaar's Fire (Loop).ogg,
\Music\Combat\卡尔达之火^Kalldhaar's Fire.ogg,
\Music\Combat\发条随从^Clockwork Minions.ogg,
\Music\Combat\受困的古墓挖掘者^Trapped Tomb Tapper.ogg,
\Music\Combat\受诅咒的霍尔德拉马拉 (循环)^Holdramarak The Cursed (Loop).ogg,
\Music\Combat\受诅咒的霍尔德拉马拉^Holdramarak The Cursed.ogg,
\Music\Combat\命运交织^Fates Entwined.ogg,
\Music\Combat\哈罗深渊要塞 (循环)^Harrowdeep Hold (Loop).ogg,
\Music\Combat\哈罗深渊要塞^Harrowdeep Hold.ogg,
\Music\Combat\地狱废土^Wastelands of Hell.ogg,
\Music\Combat\处刑者^Verdugo.ogg,
\Music\Combat\屏息攀登 (循环)^Breathless Ascent (Loop).ogg,
\Music\Combat\屏息攀登^Breathless Ascent.ogg,
\Music\Combat\峭壁怨恨峰 (循环)^Cragspite Summit (Loop).ogg,
\Music\Combat\峭壁怨恨峰^Cragspite Summit.ogg,
\Music\Combat\废土垃圾场^The Wasteland Junkyard.ogg,
\Music\Combat\恐惧岩摇篮 (循环)^Dreadrock Cradle (Loop).ogg,
\Music\Combat\恐惧岩摇篮^Dreadrock Cradle.ogg,
\Music\Combat\恐惧行者^Dread Walker.ogg,
\Music\Combat\战吼^Battlecry.ogg,
\Music\Combat\战象 (中东版)^War Elephants (Middle-East Version).ogg,
\Music\Combat\战象 (柔和版)^War Elephants (Subdued).ogg,
\Music\Combat\战象^War Elephants.ogg,
\Music\Combat\战象民俗部分 (中东版) 循环^War Elephants Folk Part (ME Vers) loop.ogg,
\Music\Combat\掠夺争执 (循环)^Plundering Altercation (Loop).ogg,
\Music\Combat\掠夺争执^Plundering Altercation.ogg,
\Music\Combat\援军已达^Reinforcements Have Arrived.ogg,
\Music\Combat\星光小规模战斗 (循环)^Starlight Skirmish (Loop).ogg,
\Music\Combat\星光小规模战斗^Starlight Skirmish.ogg,
\Music\Combat\暴雨剧场 (循环)^Torrential Theater (Loop).ogg,
\Music\Combat\暴雨剧场^Torrential Theater.ogg,
\Music\Combat\机器人暴走 (循环)^Robo Rampage (Loop).ogg,
\Music\Combat\机器人暴走^Robo Rampage.ogg,
\Music\Combat\沙龙^Sand Dragon.ogg,
\Music\Combat\沼泽的危险 (循环)^Dangers Of The Swamp (Loop).ogg,
\Music\Combat\沼泽的危险^Dangers Of The Swamp.ogg,
\Music\Combat\沼泽的试炼 (循环)^Trials of the Swamp (Loop).ogg,
\Music\Combat\沼泽的试炼^Trials of the Swamp.ogg,
\Music\Combat\深不可测的入侵 (循环)^Fathomless Incursion (Loop).ogg,
\Music\Combat\深不可测的入侵^Fathomless Incursion.ogg,
\Music\Combat\深渊潜行者 (循环)^Stalker amongst the Deep (Loop).ogg,
\Music\Combat\深渊潜行者^Stalker amongst the Deep.ogg,
\Music\Combat\灰棘堡垒 (循环)^Ashthorn Bastion (Loop).ogg,
\Music\Combat\灰棘堡垒^Ashthorn Bastion.ogg,
\Music\Combat\特罗达瑞姆的伏击 (循环)^Ambush At Trolldarimh (Loop).ogg,
\Music\Combat\特罗达瑞姆的伏击^Ambush At Trolldarimh.ogg,
\Music\Combat\狗头人的荣耀 (循环)^Kobold's Glory (Loop).ogg,
\Music\Combat\狗头人的荣耀^Kobold's Glory.ogg,
\Music\Combat\狼卫^Wolfguard.ogg,
\Music\Combat\猛烈攻势^Fierce Onslaught.ogg,
\Music\Combat\瞄准弱点^Aim for the Weakspots.ogg,
\Music\Combat\翼之狂怒^Winged Fury.ogg,
\Music\Combat\背誓者^The Oathbreaker.ogg,
\Music\Combat\艾达尼的迷雾 (循环)^Aydanee's Haar (Loop).ogg,
\Music\Combat\艾达尼的迷雾^Aydanee's Haar.ogg,
\Music\Combat\进入废土 (循环)^Into The Wastelands (Loop).ogg,
\Music\Combat\进入废土^Into The Wastelands.ogg,
\Music\Combat\进入风暴 (循环)^Into The Storm (Loop).ogg,
\Music\Combat\进入风暴^Into The Storm.ogg,
\Music\Combat\连锁危机 (循环)^Cascading Peril (Loop).ogg,
\Music\Combat\连锁危机^Cascading Peril.ogg,
\Music\Combat\逃离法师塔^Escape from the Magestrum.ogg,
\Music\Combat\邪恶争斗 (循环)^Unhallowed Contention (Loop).ogg,
\Music\Combat\邪恶争斗^Unhallowed Contention.ogg,
\Music\Combat\野蛮深渊 (循环)^Feral Depths (Loop).ogg,
\Music\Combat\野蛮深渊^Feral Depths.ogg,
\Music\Combat\钢铁军团行军^The Iron Legion March.ogg,
\Music\Combat\钢铁铸就的羁绊^Bonds Forged in Iron.ogg,
\Music\Combat\陷入交火 (循环)^Caught in Crossfire (Loop).ogg,
\Music\Combat\陷入交火^Caught in Crossfire.ogg,
\Music\Combat\骷髅王 (循环)^Skeleton King (Loop).ogg,
\Music\Combat\骷髅王^Skeleton King.ogg,
\Music\Combat\鬼魂之地 (循环)^Ghostlands (Loop).ogg,
\Music\Combat\鬼魂之地^Ghostlands.ogg,
\Music\Combat\麻烦来了 (循环)^Here Comes Trouble (Loop).ogg,
\Music\Combat\麻烦来了^Here Comes Trouble.ogg,
\Music\Combat\黑暗中的匕首^Daggers In The Dark.ogg,
\Music\Combat\黑暗领主逼近^The Dark Lord Approaches.ogg,
\Music\Cthulhu Mythos\神秘学研究^Research into the Occult.ogg,
\Music\Cthulhu Mythos\黑暗家族史^A Dark Family History.ogg,
\Music\Dungeon\丛林的秘密 (循环)^Secrets of the Jungle (Loop).ogg,
\Music\Dungeon\丛林的秘密^Secrets of the Jungle.ogg,
\Music\Dungeon\冰独眼巨人之舞^Waltz of the Icyclops.ogg,
\Music\Dungeon\匕首之怒 (循环)^Dagger's Wrath (Loop).ogg,
\Music\Dungeon\匕首之怒^Dagger's Wrath.ogg,
\Music\Dungeon\卢拉 (循环)^Lura (Loop).ogg,
\Music\Dungeon\卢拉^Lura.ogg,
\Music\Dungeon\古橡树的恐惧 (循环)^Dread of the Ancient Oak (Loop).ogg,
\Music\Dungeon\古橡树的恐惧^Dread of the Ancient Oak.ogg,
\Music\Dungeon\回声洞穴^The Echoing Caves.ogg,
\Music\Dungeon\地下世界的鼓声 (循环)^Drums of the Underworld (Loop).ogg,
\Music\Dungeon\地下世界的鼓声^Drums of the Underworld.ogg,
\Music\Dungeon\堕落英雄之林^Grove of Fallen Heroes.ogg,
\Music\Dungeon\堡垒的笼罩^Shroud of The Bao Lei.ogg,
\Music\Dungeon\奥术光环^Auras of Arcane.ogg,
\Music\Dungeon\守望者的守夜^Watcher's Vigil.ogg,
\Music\Dungeon\宝藏的呼唤 (循环)^Treasure's Call (Loop).ogg,
\Music\Dungeon\宝藏的呼唤^Treasure's Call.ogg,
\Music\Dungeon\巢穴中的沉睡巨龙^Sleeping Dragon in its Den.ogg,
\Music\Dungeon\巴洛魔的围攻^The Balor's Siege.ogg,
\Music\Dungeon\恐惧之厅 (循环)^Chamber of Dread (Loop).ogg,
\Music\Dungeon\恐惧之厅^Chamber of Dread.ogg,
\Music\Dungeon\敌后^Behind Enemy Lines.ogg,
\Music\Dungeon\斯文内斯 (循环)^Svenneth (Loop).ogg,
\Music\Dungeon\斯文内斯^Svenneth.ogg,
\Music\Dungeon\斯通加拉德洞穴 (循环)^Storngallad's Cave (Loop).ogg,
\Music\Dungeon\斯通加拉德洞穴^Storngallad's Cave.ogg,
\Music\Dungeon\无情之王的墓穴^Crypt of the Ruthless King.ogg,
\Music\Dungeon\欺骗之网^Web of Deception.ogg,
\Music\Dungeon\沉睡的巨像^The Slumbering Colossus.ogg,
\Music\Dungeon\法术伤痕峡谷^Spellscarred Ravine.ogg,
\Music\Dungeon\深渊要塞 (循环)^The Abyssal Keep (Loop).ogg,
\Music\Dungeon\深渊要塞^The Abyssal Keep.ogg,
\Music\Dungeon\潜行穿过工厂^Sneaking through The Factory.ogg,
\Music\Dungeon\火焰中的植物^Flora In Flames.ogg,
\Music\Dungeon\狐狸堡山 (循环)^Foxenhold Mountain (Loop).ogg,
\Music\Dungeon\狐狸堡山^Foxenhold Mountain.ogg,
\Music\Dungeon\米兰娜 (循环)^Miranna (Loop).ogg,
\Music\Dungeon\米兰娜^Miranna.ogg,
\Music\Dungeon\纳迦巢穴 (竖琴和钢琴)^Naga Lair (Harp and Piano).ogg,
"\Music\Dungeon\纳迦巢穴 (钢琴，小提琴，大提琴)^Naga Lair (Piano, Violin, Celo).ogg",
\Music\Dungeon\纳迦巢穴^Naga Lair.ogg,
\Music\Dungeon\纺织者的陷阱^The Spinner's Snare.ogg,
\Music\Dungeon\维特拉 (循环)^Vetra (Loop).ogg,
\Music\Dungeon\维特拉^Vetra.ogg,
\Music\Dungeon\蓝宝石的诅咒 (循环)^Sapphire's Curse (Loop).ogg,
\Music\Dungeon\蓝宝石的诅咒^Sapphire's Curse.ogg,
\Music\Dungeon\银日丛林^Silversun Jungle.ogg,
\Music\Dungeon\镀金废墟的回响 (循环)^Echoes of the Gilded Ruins (Loop).ogg,
\Music\Dungeon\镀金废墟的回响^Echoes of the Gilded Ruins.ogg,
\Music\Dungeon\长老之木^Elder Wood.ogg,
\Music\Dungeon\阿拉贝思要塞 (循环)^Arabeth's Keep (Loop).ogg,
\Music\Dungeon\阿拉贝思要塞^Arabeth's Keep.ogg,
\Music\Dungeon\霜巨人之墓 (循环)^Tomb of the Frost Giant (Loop).ogg,
\Music\Dungeon\霜巨人之墓^Tomb of the Frost Giant.ogg,
\Music\Exploration\ASKII - 冬^ASKII - Winter.ogg,
\Music\Exploration\ASKII - 拿麦酒来！^ASKII - Bring the Ale!.ogg,
\Music\Exploration\ASKII - 旅行者^ASKII - Traveller.ogg,
\Music\Exploration\ASKII - 矮人墓穴^ASKII - Dwarven Tomb.ogg,
\Music\Exploration\ASKII - 顿悟^ASKII - Epiphanies.ogg,
\Music\Exploration\亵渎的遗弃物 (循环)^Profane Derelicts (Loop).ogg,
\Music\Exploration\亵渎的遗弃物^Profane Derelicts.ogg,
\Music\Exploration\余烬之心城堡 (循环)^Emberheart Castle (Loop).ogg,
\Music\Exploration\余烬之心城堡^Emberheart Castle.ogg,
\Music\Exploration\佩林的准则 (循环)^Peryn's Code (Loop).ogg,
\Music\Exploration\佩林的准则^Peryn's Code.ogg,
\Music\Exploration\冬之玫瑰^Rose of Winter.ogg,
\Music\Exploration\冬日小屋 (循环)^Winter Hut (Loop).ogg,
\Music\Exploration\冬日小屋^Winter Hut.ogg,
\Music\Exploration\冰冻池塘 (循环)^Frozen Pond (Loop).ogg,
\Music\Exploration\冰冻池塘^Frozen Pond.ogg,
\Music\Exploration\冰山 (循环)^Ice Mountains (Loop).ogg,
\Music\Exploration\冰山^Ice Mountains.ogg,
\Music\Exploration\冰雪女王的庭院^Court of the Frozen Queen.ogg,
\Music\Exploration\利亚斯特拉之泪^Tears Of Lyastra.ogg,
\Music\Exploration\午夜车站的谜团 (循环)^Mystery at Midnight Station (Loop).ogg,
\Music\Exploration\午夜车站的谜团^Mystery at Midnight Station.ogg,
\Music\Exploration\卡拉姆代什部落 (循环)^Tribes Of Kallamdesh (Loop).ogg,
\Music\Exploration\卡拉姆代什部落^Tribes Of Kallamdesh.ogg,
\Music\Exploration\危险的游戏 (循环)^Dangerous Games (Loop).ogg,
\Music\Exploration\危险的游戏^Dangerous Games.ogg,
\Music\Exploration\吞噬之寒谢吉内姆^Xejnem The Devouring Cold.ogg,
\Music\Exploration\哲学家漫步道^Philosopher's Walk.ogg,
\Music\Exploration\在十字路口^At The Crossroads.ogg,
\Music\Exploration\在晚星下 (循环)^Under the Evening Star (Loop).ogg,
\Music\Exploration\在晚星下^Under the Evening Star.ogg,
\Music\Exploration\埃特班海盗^Etterban Corsairs.ogg,
\Music\Exploration\塔尔祖拉斯 (循环)^Tharr’Zulath (Loop).ogg,
\Music\Exploration\太阳符文^Runes of the Sun.ogg,
\Music\Exploration\女巫之墓 (循环)^The Witch's Tomb (Loop).ogg,
\Music\Exploration\女巫之墓^The Witch's Tomb.ogg,
\Music\Exploration\好奇的地平线 (循环)^Curious Horizons (Loop).ogg,
\Music\Exploration\好奇的地平线^Curious Horizons.ogg,
\Music\Exploration\工业妖精村庄^Industrial Fairy Village.ogg,
\Music\Exploration\巨人峰顶 (循环)^Summit of the Giants (Loop).ogg,
\Music\Exploration\巨人峰顶^Summit of the Giants.ogg,
\Music\Exploration\庄严的誓言^A Solemn Oath.ogg,
\Music\Exploration\废弃的广阔区域 (循环)^The Derelict Expanse (Loop).ogg,
\Music\Exploration\废弃的广阔区域^The Derelict Expanse.ogg,
\Music\Exploration\弗鲁斯托戈森林^Frustogor's Forest.ogg,
\Music\Exploration\影纱通道^Veilshade Pass.ogg,
\Music\Exploration\微风中回荡的故事 (循环)^Tales Echoing in the Breeze (Loop).ogg,
\Music\Exploration\微风中回荡的故事^Tales Echoing in the Breeze.ogg,
\Music\Exploration\战士圆舞曲^Warrior's Waltz.ogg,
\Music\Exploration\拉门蒂亚的恩典^Lamentia's Grace.ogg,
\Music\Exploration\新星枢纽 (循环)^Nova Nexus (Loop).ogg,
\Music\Exploration\新星枢纽^Nova Nexus.ogg,
\Music\Exploration\旅行者插曲 (循环)^Traveler's Interlude (Loop).ogg,
\Music\Exploration\旅行者插曲^Traveler's Interlude.ogg,
\Music\Exploration\时间涟漪^Ripples In Time.ogg,
\Music\Exploration\星尘^Stardust.ogg,
\Music\Exploration\暮光的气息 (循环)^Breath of the Twilight (Loop).ogg,
\Music\Exploration\暮光的气息^Breath of the Twilight.ogg,
\Music\Exploration\月亮商人^The Moon Merchant.ogg,
\Music\Exploration\月影湖 (循环)^Moonshadow Lake (Loop).ogg,
\Music\Exploration\月影湖^Moonshadow Lake.ogg,
\Music\Exploration\武当荒野^Wudang Wilds.ogg,
\Music\Exploration\死亡矿井^The Dead Mines.ogg,
\Music\Exploration\沙漠之海的孩子们^Children of the Desert Sea.ogg,
\Music\Exploration\沙漠之海的花朵^Flowers of the Desert Sea.ogg,
\Music\Exploration\治疗者的悲叹^Healer's Lament.ogg,
\Music\Exploration\沿着大路^Along the Highroad.ogg,
\Music\Exploration\法里利姆 (循环)^Faerilium (Loop).ogg,
\Music\Exploration\法里利姆^Faerilium.ogg,
\Music\Exploration\泰坦的脚步声 (循环)^Footfalls of the Titans (Loop).ogg,
\Music\Exploration\泰坦的脚步声^Footfalls of the Titans.ogg,
\Music\Exploration\海尔姆塔扎德 (循环)^Helmtazad (Loop).ogg,
\Music\Exploration\海尔姆塔扎德^Helmtazad.ogg,
\Music\Exploration\海尔德拉斯的范围^Healdrath's Reach.ogg,
\Music\Exploration\清醒梦之岛^Isle of Waking Dreams.ogg,
\Music\Exploration\猫头鹰屋 (循环)^The Owlery (Loop).ogg,
\Music\Exploration\猫头鹰屋^The Owlery.ogg,
\Music\Exploration\知识宝座^Seat of Knowledge.ogg,
\Music\Exploration\科萨伦的无名赞美诗 (循环)^The Nameless Hymn of Kor'Thaluun (Loop).ogg,
\Music\Exploration\秘密攀登 (循环)^Clandestine Ascent (Loop).ogg,
\Music\Exploration\秘密攀登^Clandestine Ascent.ogg,
\Music\Exploration\空洞诸神的哀歌 (循环)^Lament of the Hollow Gods (Loop).ogg,
\Music\Exploration\精灵花园^Elven Gardens.ogg,
\Music\Exploration\群山的锻造^The Forging Of The Mountains.ogg,
\Music\Exploration\荒野遐想 (循环)^Wilderness Reverie (Loop).ogg,
\Music\Exploration\荒野遐想^Wilderness Reverie.ogg,
\Music\Exploration\藏在高草丛中 (循环)^Hidden in the Tall Grass (Loop).ogg,
\Music\Exploration\藏在高草丛中^Hidden in the Tall Grass.ogg,
\Music\Exploration\记住真实的自己^Remember Your True Self.ogg,
\Music\Exploration\边缘的脚步声 (循环)^Footsteps on the Edge (Loop).ogg,
\Music\Exploration\边缘的脚步声^Footsteps on the Edge.ogg,
\Music\Exploration\远古熔炉 (循环)^The Elder Forge (Loop).ogg,
\Music\Exploration\阿努拉的梦境^Dreamscapes Of Alnura.ogg,
"\Music\Exploration\阿雷达，众神之神^Arédars, Gods Among Gods.ogg",
\Music\Exploration\隐藏的宝石 (循环)^Hidden Gem (Loop).ogg,
\Music\Exploration\隐藏的宝石^Hidden Gem.ogg,
\Music\Exploration\难以捉摸的策略 (循环)^Elusive Gambits (Loop).ogg,
\Music\Exploration\难以捉摸的策略^Elusive Gambits.ogg,
\Music\Exploration\雾中低语 (循环)^Murmurs in the Mist (Loop).ogg,
\Music\Exploration\雾中低语^Murmurs in the Mist.ogg,
\Music\Exploration\骗子巢穴 (循环)^The Swindler's Den (Loop).ogg,
\Music\Exploration\骗子巢穴^The Swindler's Den.ogg,
\Music\Exploration\魔法大学 第一部分^University of Magic Pt. 1.ogg,
\Music\Exploration\魔法大学 第二部分^University of Magic Pt. 2.ogg,
\Music\Gothic\乌鸦画廊 (循环)^Raven's Gallery (Loop).ogg,
\Music\Gothic\乌鸦画廊^Raven's Gallery.ogg,
\Music\Gothic\卡尔切隆废墟 (无歌手)^Ruins Of Calcheron (No Singer).ogg,
\Music\Gothic\卡尔切隆废墟^Ruins Of Calcheron.ogg,
\Music\Gothic\在阴影中^Amidst The Shadows.ogg,
\Music\Gothic\夜幕降临的悲伤 (循环)^Sorrows of the Nightfall (Loop).ogg,
\Music\Gothic\夜幕降临的悲伤^Sorrows of the Nightfall.ogg,
\Music\Gothic\夜间降临 (循环)^Nocturnal Descent (Loop).ogg,
\Music\Gothic\夜间降临^Nocturnal Descent.ogg,
\Music\Gothic\天黑后^After Dark.ogg,
\Music\Gothic\幻影誓言 (循环)^Phantom's Oath (Loop).ogg,
\Music\Gothic\幻影誓言 (钢琴)^Phantom's Oath (Piano).ogg,
\Music\Gothic\幻影誓言^Phantom's Oath.ogg,
\Music\Gothic\庭院哀歌 (循环)^Courtyard Lamentations (Loop).ogg,
\Music\Gothic\庭院哀歌^Courtyard Lamentations.ogg,
\Music\Gothic\智者阿斯塔里斯 (循环)^Astarrys The Wise (Loop).ogg,
\Music\Gothic\智者阿斯塔里斯^Astarrys The Wise.ogg,
\Music\Gothic\暗歌森林 (循环)^Darksong Woods (Loop).ogg,
\Music\Gothic\暗歌森林^Darksong Woods.ogg,
\Music\Gothic\永夜之门 (循环)^Gates of Eternal Night (Loop).ogg,
\Music\Gothic\永夜之门 (钢琴)^Gates of Eternal Night (Piano).ogg,
\Music\Gothic\永夜之门 (钢琴与大键琴)^Gates of Eternal Night (Piano and Harpsichord).ogg,
\Music\Gothic\永夜之门^Gates of Eternal Night.ogg,
\Music\Gothic\漆黑自治市^Pitch Black Borough.ogg,
\Music\Gothic\猎巫人小屋 (循环)^Witch Hunter's Lodge (Loop).ogg,
\Music\Gothic\猎巫人小屋^Witch Hunter's Lodge.ogg,
\Music\Gothic\睡魔大厅 (循环)^Halls Of Sandman (Loop).ogg,
\Music\Gothic\睡魔大厅^Halls Of Sandman.ogg,
\Music\Gothic\神圣柳树 (循环)^The Sacred Willow (Loop).ogg,
\Music\Gothic\神圣柳树^The Sacred Willow.ogg,
\Music\Gothic\虚荣圆舞曲^Waltz of Vanity.ogg,
\Music\Gothic\虚荣法庭 (循环)^The Vanity Court (Loop).ogg,
\Music\Gothic\虚荣法庭^The Vanity Court.ogg,
\Music\Gothic\虚荣的一瞬 (循环)^Brush with Vanity (Loop).ogg,
\Music\Gothic\虚荣的一瞬^Brush with Vanity.ogg,
\Music\Gothic\西部隧道^The Western Tunnels.ogg,
\Music\Gothic\走在阴影之路上 (循环)^Walk The Path of Shadows (Loop).ogg,
\Music\Gothic\走在阴影之路上^Walk The Path of Shadows.ogg,
\Music\Gothic\跟随蜘蛛 (循环)^Follow The Spiders (Loop).ogg,
\Music\Gothic\跟随蜘蛛^Follow The Spiders.ogg,
\Music\Gothic\避难所^The Sanctuary.ogg,
\Music\Gothic\钟楼^The Clocktower.ogg,
\Music\Gothic\鸦山伯爵夫人 (循环)^Countess of the Raven's Hill (Loop).ogg,
\Music\Gothic\鸦山伯爵夫人^Countess of the Raven's Hill.ogg,
\Music\Mystery\绅士盗贼^Gentlemen Rogues.ogg,
\Music\Oriental\穿越沙漠^Through the Desert.ogg,
\Music\Sci-Fi\乌桑边缘^The Edge of Uthan.ogg,
\Music\Sci-Fi\全息面包屑 (循环)^Holographic Bread Crumbs (Loop).ogg,
\Music\Sci-Fi\全息面包屑^Holographic Bread Crumbs.ogg,
\Music\Sci-Fi\凯拉斯旷野^Fields of Kyras.ogg,
\Music\Sci-Fi\凯莱斯蒂亚利斯 - 泰克斯 (循环)^Kelestialis Tex (Loop).ogg,
\Music\Sci-Fi\凯莱斯蒂亚利斯 - 泰克斯^Kelestialis Tex.ogg,
\Music\Sci-Fi\叛乱 (循环)^Rebellion (Loop).ogg,
\Music\Sci-Fi\叛乱^Rebellion.ogg,
\Music\Sci-Fi\哈德林海岸^Shores of Hadrin.ogg,
\Music\Sci-Fi\奥博龙 - 泰克斯 (循环)^Orboron Tex (Loop).ogg,
\Music\Sci-Fi\奥博龙 - 泰克斯^Orboron Tex.ogg,
\Music\Sci-Fi\宇宙异常 (加长版)^Cosmic Anomalies (Extended Version).ogg,
\Music\Sci-Fi\宇宙异常^Cosmic Anomalies.ogg,
\Music\Sci-Fi\宇宙漂流者 (循环)^Cosmic Drifters (Loop).ogg,
\Music\Sci-Fi\宇宙漂流者^Cosmic Drifters.ogg,
\Music\Sci-Fi\家园世界 (循环)^Homeworld (Loop).ogg,
\Music\Sci-Fi\星云的拥抱 (循环)^Nebula's Embrace (Loop).ogg,
\Music\Sci-Fi\星云的拥抱^Nebula's Embrace.ogg,
\Music\Sci-Fi\星际旅行者 (循环)^Star Traveler (Loop).ogg,
\Music\Sci-Fi\月球 - 泰克斯 (循环)^Luna Tex (Loop).ogg,
\Music\Sci-Fi\月球 - 泰克斯^Luna Tex.ogg,
\Music\Sci-Fi\深红巨人 (循环)^Crimson Giant (Loop).ogg,
\Music\Sci-Fi\环 (循环)^The Ring (Loop).ogg,
\Music\Sci-Fi\环^The Ring.ogg,
\Music\Sci-Fi\环绕噩梦 (循环)^Orbiting The Nightmare (Loop).ogg,
\Music\Sci-Fi\环绕噩梦^Orbiting The Nightmare.ogg,
\Music\Sci-Fi\瓦伊 - 泰克斯 (循环)^Vai Tex (Loop).ogg,
\Music\Sci-Fi\瓦伊 - 泰克斯^Vai Tex.ogg,
\Music\Sci-Fi\白羊座^Aries.ogg,
\Music\Sci-Fi\第一次接触 (循环)^First Contact (Loop).ogg,
\Music\Sci-Fi\米拉克斯主星之旅^Voyage to Mirax Prime.ogg,
\Music\Sci-Fi\遥不可及的群星 (循环)^Stars Beyond Reach (Loop).ogg,
\Music\Sci-Fi\遥不可及的群星^Stars Beyond Reach.ogg,
\Music\Sci-Fi\银河奥德赛 (循环)^Galactic Odyssey (Loop).ogg,
\Music\Sci-Fi\银河奥德赛^Galactic Odyssey.ogg,
\Music\Sci-Fi\阿巴伦废土^The Abalunn Wastelands.ogg,
\Music\Sci-Fi\霓虹街道^Streets of Neon.ogg,
\Music\Steampunk\卢珀的俏皮货商店 (循环)^Looper's Store Of Nifty Things (Loop).ogg,
\Music\Steampunk\卢珀的俏皮货商店^Looper's Store Of Nifty Things.ogg,
\Music\Steampunk\向日葵山谷 (循环)^Sunflower Valley (Loop).ogg,
\Music\Steampunk\向日葵山谷^Sunflower Valley.ogg,
\Music\Steampunk\商队 (循环)^Merchant's Caravan (Loop).ogg,
\Music\Steampunk\商队^Merchant's Caravan.ogg,
\Music\Steampunk\天文台 (循环)^The Observatory (Loop).ogg,
\Music\Steampunk\天文台^The Observatory.ogg,
\Music\Steampunk\心灵的宁静 (循环)^Serenity of the Mind (Loop).ogg,
\Music\Steampunk\心灵的宁静^Serenity of the Mind.ogg,
\Music\Steampunk\思想的冲突 (循环)^Conflict of the Mind (Loop).ogg,
\Music\Steampunk\思想的冲突^Conflict of the Mind.ogg,
\Music\Steampunk\时间倒影 (无音效)^Reflections In Time (No SFX).ogg,
\Music\Steampunk\时间倒影 (钢琴版)^Reflections In Time (Piano Version).ogg,
\Music\Steampunk\时间倒影^Reflections In Time.ogg,
\Music\Steampunk\欢迎来到蒸汽镇 (循环)^Welcome To Steamtown (Loop).ogg,
\Music\Steampunk\欢迎来到蒸汽镇^Welcome To Steamtown.ogg,
\Music\Steampunk\永夜前夕的礼物 (循环)^Gifts of the Everdark Eve (Loop).ogg,
\Music\Steampunk\永夜前夕的礼物^Gifts of the Everdark Eve.ogg,
\Music\Steampunk\深不可测的设计 (循环)^Unfathomable Design (Loop).ogg,
\Music\Steampunk\深不可测的设计^Unfathomable Design.ogg,
\Music\Steampunk\特里斯塔卢姆的风车 (循环)^Windmills Of Tristalum (Loop).ogg,
\Music\Steampunk\特里斯塔卢姆的风车^Windmills Of Tristalum.ogg,
\Music\Steampunk\跳舞或死亡！(循环)^Dance or Die! (Loop).ogg,
\Music\Steampunk\跳舞或死亡！^Dance or Die!.ogg,
\Music\Steampunk\进入构造体 (循环)^Enter The Construct (Loop).ogg,
\Music\Steampunk\进入构造体^Enter The Construct.ogg,
\Music\Steampunk\金喷泉 (循环)^Golden Fountain (Loop).ogg,
\Music\Steampunk\金喷泉^Golden Fountain.ogg,
"\Music\Steampunk\铜、燧石与钢铁^Copper, Flint & Steel.ogg",
\Music\Steampunk\飞艇邮局 (循环)^Zeppelin Post Office (Loop).ogg,
\Music\Steampunk\飞艇邮局^Zeppelin Post Office.ogg,
\Music\Taverns and Inns\人迹罕至的路 (循环)^The Road Less Traveled (Loop).ogg,
\Music\Taverns and Inns\人迹罕至的路^The Road Less Traveled.ogg,
\Music\Taverns and Inns\传说酒馆 (循环)^Tavern of Tales (Loop).ogg,
\Music\Taverns and Inns\传说酒馆^Tavern of Tales.ogg,
\Music\Taverns and Inns\大厅里的喧嚣^Rumble in the Halls.ogg,
\Music\Taverns and Inns\大笑的酒桶^The Laughing Barrel.ogg,
\Music\Taverns and Inns\奥菲莉亚的梦^Ophelia's Dream.ogg,
\Music\Taverns and Inns\宁静小屋 (循环)^Tranquil Lodge (Loop).ogg,
\Music\Taverns and Inns\宁静小屋^Tranquil Lodge.ogg,
\Music\Taverns and Inns\富有的野猪旅店 (循环)^Wealthy Boar Inn (Loop).ogg,
\Music\Taverns and Inns\富有的野猪旅店^Wealthy Boar Inn.ogg,
\Music\Taverns and Inns\拼酒比赛！^Drinking Match!.ogg,
\Music\Taverns and Inns\无底酒桶^Bottomless Barrel.ogg,
\Music\Taverns and Inns\日落树林^Sunset Grove.ogg,
\Music\Taverns and Inns\最后一夜相聚 (循环)^Last Night Together (Loop).ogg,
\Music\Taverns and Inns\最后一夜相聚^Last Night Together.ogg,
\Music\Taverns and Inns\格伦纳姆酒馆^Taverns of Glaenarm.ogg,
\Music\Taverns and Inns\每人一轮 (循环)^A Round For Everyone (Loop).ogg,
\Music\Taverns and Inns\每人一轮^A Round for Everyone.ogg,
\Music\Taverns and Inns\湖镇 (循环)^Laketown (Loop).ogg,
\Music\Taverns and Inns\湖镇^Laketown.ogg,
\Music\Taverns and Inns\破鲁特琴与锈匕首^Broken Lutes & Rusty Daggers.ogg,
\Music\Taverns and Inns\维京大厅^Vikings' Hall.ogg,
\Music\Taverns and Inns\致逝去的人 (循环)^To Those Who Perished (Loop).ogg,
\Music\Taverns and Inns\致逝去的人^To Those Who Perished.ogg,
\Music\Taverns and Inns\萨尔之刃 (循环)^Blades Of Thall (Loop).ogg,
\Music\Taverns and Inns\萨尔之刃^Blades Of Thall.ogg,
\Music\Taverns and Inns\蜡烛与酒^Candles & Wine.ogg,
\Music\Taverns and Inns\跟随迷雾之河 (循环)^Follow The Misty River (Loop).ogg,
\Music\Taverns and Inns\跟随迷雾之河^Follow The Misty River.ogg,
\Music\Towns and Streets\七月^Iuil.ogg,
\Music\Towns and Streets\五月 (Bealtaine)^Bealtaine.ogg,
\Music\Towns and Streets\停泊与改装 (循环)^Anchorage and Refitting (Loop).ogg,
\Music\Towns and Streets\停泊与改装^Anchorage and Refitting.ogg,
\Music\Towns and Streets\八月^Lunasa.ogg,
\Music\Towns and Streets\六月 (Meitheamh)^Meitheamh.ogg,
\Music\Towns and Streets\冬王的礼物公会^Winter King's Gift Guild.ogg,
\Music\Towns and Streets\友好的赌注^A Friendly Wager.ogg,
\Music\Towns and Streets\商人街 (循环)^Merchant's Row (Loop).ogg,
\Music\Towns and Streets\商人街^Merchant's Row.ogg,
\Music\Towns and Streets\商船登陆 (循环)^Mercantile's Landfall (Loop).ogg,
\Music\Towns and Streets\商船登陆^Mercantile's Landfall.ogg,
\Music\Towns and Streets\在老酒馆旁 (循环)^By The Old Tavern (Loop).ogg,
\Music\Towns and Streets\在老酒馆旁^By The Old Tavern.ogg,
\Music\Towns and Streets\幼龙避风港 (循环)^Drake Haven (Loop).ogg,
\Music\Towns and Streets\幼龙避风港^Drake Haven.ogg,
\Music\Towns and Streets\异想天开的城市广场^Whimsical Town Square.ogg,
\Music\Towns and Streets\微风港^Breezeport.ogg,
\Music\Towns and Streets\我曾经也像你一样是个旅行者 (循环)^I Was Once A Traveler Like You (Loop).ogg,
\Music\Towns and Streets\我曾经也像你一样是个旅行者^I Was Once A Traveler Like You.ogg,
\Music\Towns and Streets\抵抗军避难所 (循环)^Resistance Haven (Loop).ogg,
\Music\Towns and Streets\抵抗军避难所^Resistance Haven.ogg,
\Music\Towns and Streets\新图尔奈 (循环)^New Tournelle (Loop).ogg,
\Music\Towns and Streets\新图尔奈^New Tournelle.ogg,
\Music\Towns and Streets\新图尔奈节日集市 (循环)^New Tournelle Festival Market (Loop).ogg,
\Music\Towns and Streets\新图尔奈节日集市^New Tournelle Festival Market.ogg,
\Music\Towns and Streets\旧王国^Old Kingdom.ogg,
\Music\Towns and Streets\星界人鱼定居点 (循环)^Astral Merfolk Settlement (Loop).ogg,
\Music\Towns and Streets\星界人鱼定居点^Astral Merfolk Settlement.ogg,
\Music\Towns and Streets\柳花广场 (循环)^Willowbloom Square (Loop).ogg,
\Music\Towns and Streets\柳花广场^Willowbloom Square.ogg,
\Music\Towns and Streets\桥下的丁香花 (循环)^Lilacs Under The Bridge (Loop).ogg,
\Music\Towns and Streets\桥下的丁香花^Lilacs Under The Bridge.ogg,
\Music\Towns and Streets\棚户区的恶作剧^Shantytown Shenanigans.ogg,
\Music\Towns and Streets\深夜诗篇 (循环)^A Late Night Poem (Loop).ogg,
\Music\Towns and Streets\深夜诗篇^A Late Night Poem.ogg,
\Music\Towns and Streets\甘茨家族^House Gantz.ogg,
\Music\Towns and Streets\生命节^The Festival Of Life.ogg,
\Music\Towns and Streets\皇家法令^Royal Edicts.ogg,
\Music\Towns and Streets\艺术区^The Arts District.ogg,
\Music\Towns and Streets\节日集市^Festival Market.ogg,
\Music\Towns and Streets\蓟木塔 (循环)^Thistlewood Tower (Loop).ogg,
\Music\Towns and Streets\蓟木塔^Thistlewood Tower.ogg,
\Music\Towns and Streets\被遗忘的传说小巷 (循环)^Alley of Forgotten Lore (Loop).ogg,
\Music\Towns and Streets\被遗忘的传说小巷^Alley of Forgotten Lore.ogg,
\Music\Towns and Streets\记忆要塞 (循环)^Keep of Remembrance (Loop).ogg,
\Music\Towns and Streets\记忆要塞^Keep of Remembrance.ogg,
\Music\Towns and Streets\赛马^Horse Racing.ogg,
\Music\Towns and Streets\辉煌港 (循环)^Port Splendid (Loop).ogg,
\Music\Towns and Streets\辉煌港^Port Splendid.ogg,
\Music\Towns and Streets\辉煌港节日集市 (循环)^Port Splendid Festival Market (Loop).ogg,
\Music\Towns and Streets\辉煌港节日集市^Port Splendid Festival Market.ogg,
\Music\Towns and Streets\酒馆讨论^Tavernous Discussions.ogg,
\Music\Towns and Streets\银溪区 (循环)^Silverstream District (Loop).ogg,
\Music\Towns and Streets\银溪区^Silverstream District.ogg,
\Music\Towns and Streets\镇上来了个新吟游诗人^There's A New Bard In Town.ogg,
\Music\Towns and Streets\雷文谢德堡垒 (循环)^Ravenshade Fortress (Loop).ogg,
\Music\Towns and Streets\雷文谢德堡垒^Ravenshade Fortress.ogg,
\Music\Towns and Streets\领主的遗产^Lord's Legacy.ogg,
\Music\Towns and Streets\黑刺小巷 (循环)^Alleys of Blackthorn (Loop).ogg,
\Music\Towns and Streets\黑刺小巷^Alleys of Blackthorn.ogg,
\Music\Western\偏远乡村^The Back Country.ogg,
\Music\Western\风滚草^Tumblweed.ogg,
\SFX\Basic\Activity\从口袋掏出物品^Pulling Item Out Of Pocket.ogg,
\SFX\Basic\Activity\修补 (循环)^Tinkering (Loop).ogg,
\SFX\Basic\Activity\倒茶^Pouring Tea.ogg,
\SFX\Basic\Activity\冥想^Meditation.ogg,
\SFX\Basic\Activity\切面包^Cutting Bread.ogg,
\SFX\Basic\Activity\切食物 (循环)^Cutting Food (Loop).ogg,
\SFX\Basic\Activity\合上地图^Closing The Map.ogg,
\SFX\Basic\Activity\吹口哨 (调情   喝彩)^Wolf Whistle.ogg,
\SFX\Basic\Activity\啜饮吞咽^Drink Sip And Swallow.ogg,
\SFX\Basic\Activity\在湿沙中挖掘 (循环)^Digging in Wet Sand (Loop).ogg,
\SFX\Basic\Activity\大声喝水 1^Loud Drinking 1.ogg,
\SFX\Basic\Activity\大声喝水 2^Loud Drinking 2.ogg,
\SFX\Basic\Activity\大声喝水 3^Loud Drinking 3.ogg,
\SFX\Basic\Activity\大幅翻页^Large Page Turn.ogg,
\SFX\Basic\Activity\套筒扳手 (循环)^Socket Wrench (Loop).ogg,
\SFX\Basic\Activity\套筒扳手^Socket Wrench.ogg,
\SFX\Basic\Activity\开锁^Lockpicking.ogg,
\SFX\Basic\Activity\引起注意的口哨^Attention Whistle.ogg,
\SFX\Basic\Activity\心跳平稳 (循环)^Heart Beat Calm (Loop).ogg,
\SFX\Basic\Activity\心跳强力 1 (循环)^Heart Beat Strong 1 (Loop).ogg,
\SFX\Basic\Activity\心跳起伏 1^Heart Beat Up And Down 1.ogg,
\SFX\Basic\Activity\心跳非常平稳 1^Heart Beat Very Calm 1.ogg,
\SFX\Basic\Activity\快速扫地 (循环)^Sweeping Fast (Loop).ogg,
\SFX\Basic\Activity\扫帚清扫 1^Broom Sweeps 1.ogg,
\SFX\Basic\Activity\拉鱼竿^Fishing Rod Pull.ogg,
\SFX\Basic\Activity\拍打地毯 (循环)^Beating Carpet (Loop).ogg,
\SFX\Basic\Activity\拍掉灰尘 (循环)^Brushing Off (Loop).ogg,
\SFX\Basic\Activity\拍掉灰尘^Brushing Off.ogg,
\SFX\Basic\Activity\拖动金属家具 1^Dragging Metal Furniture 1.ogg,
\SFX\Basic\Activity\拖动金属家具 2^Dragging Metal Furniture 2.ogg,
\SFX\Basic\Activity\拖动金属家具 3^Dragging Metal Furniture 3.ogg,
\SFX\Basic\Activity\挥动火把^Waving A Torch.ogg,
\SFX\Basic\Activity\搅拌茶水^Stirring The Tea.ogg,
\SFX\Basic\Activity\摇椅吱吱声 (循环)^Rocking Chair Squeak (Loop).ogg,
\SFX\Basic\Activity\敲窗户^Knocking On A Window.ogg,
\SFX\Basic\Activity\清空手推车^Emptying a Wheelbarrow.ogg,
\SFX\Basic\Activity\火把挥舞声 1^Torch Whoosh 1.ogg,
\SFX\Basic\Activity\火把挥舞声 2^Torch Whoosh 2.ogg,
\SFX\Basic\Activity\火把挥舞声 3^Torch Whoosh 3.ogg,
\SFX\Basic\Activity\火把挥舞声 4^Torch Whoosh 4.ogg,
\SFX\Basic\Activity\点燃篝火^Campfire Lighting.ogg,
\SFX\Basic\Activity\热金属嘶嘶声^Hot Metal Sizzling.ogg,
\SFX\Basic\Activity\爬木梯子^Climbing Wood Ladder.ogg,
\SFX\Basic\Activity\爬金属梯子^Climbing Metal Ladder.ogg,
\SFX\Basic\Activity\猛烈火把 (循环)^Strong Torch (Loop).ogg,
\SFX\Basic\Activity\玻璃瓶打开^Glass Vial Open.ogg,
\SFX\Basic\Activity\玻璃瓶盖上^Glass Vial Close.ogg,
\SFX\Basic\Activity\用铲子挖掘 (循环)^Digging With a Shovel (Loop).ogg,
\SFX\Basic\Activity\用铲子挖沙 (循环)^Digging Sand With a Shovel (Loop).ogg,
\SFX\Basic\Activity\疯狂搜寻 (循环)^Frantic Search (Loop).ogg,
\SFX\Basic\Activity\磨刀 1 (循环)^Knife Sharpening 1 (Loop).ogg,
\SFX\Basic\Activity\绘制地图 (循环)^Drawing a Map (Loop).ogg,
\SFX\Basic\Activity\缓慢扫地 (循环)^Sweeping Slowly (Loop).ogg,
\SFX\Basic\Activity\翻找背包 (循环)^Backpack Rummaging (Loop).ogg,
\SFX\Basic\Activity\跳水 1^Diving 1.ogg,
\SFX\Basic\Activity\采集植物 (循环)^Gathering Plants (Loop).ogg,
\SFX\Basic\Activity\铅笔书写 1^Pencil Writing 1.ogg,
\SFX\Basic\Activity\铲土单次 (循环)^Shoveling Dirt Single (Loop).ogg,
\SFX\Basic\Activity\锯木头 (循环)^Wood Sawing (Loop).ogg,
\SFX\Basic\Activity\锻造锤 (循环) 1^Forge Hammer (Loop) 1.ogg,
\SFX\Basic\Alarm\低沉号角 1^Low Warhorn 1.ogg,
\SFX\Basic\Alarm\低沉号角 2^Low Warhorn 2.ogg,
\SFX\Basic\Alarm\低沉号角 3^Low Warhorn 3.ogg,
\SFX\Basic\Animals\乌鸦啼叫 1^Raven Cawing 1.ogg,
\SFX\Basic\Animals\乌鸦持续啼叫^Ravens Constant.ogg,
\SFX\Basic\Animals\公鸡打鸣 1^Rooster Crowing 1.ogg,
\SFX\Basic\Animals\农场里的牛 (循环)^Cows In Farm (Loop).ogg,
\SFX\Basic\Animals\北极熊死亡 1^Polar Bear Death 1.ogg,
\SFX\Basic\Animals\北极熊死亡 2^Polar Bear Death 2.ogg,
\SFX\Basic\Animals\在玻璃容器中抓取 1^Grabbing In Glass Container 1.ogg,
\SFX\Basic\Animals\在玻璃容器中抓取 2^Grabbing In Glass Container 2.ogg,
\SFX\Basic\Animals\大狗喘气 (循环)^Big Dog Panting (Loop).ogg,
\SFX\Basic\Animals\大羊群 (循环)^Large Sheep Herd (Loop).ogg,
\SFX\Basic\Animals\奔马^Galloping Horse.ogg,
\SFX\Basic\Animals\宠物召唤^Pet Summoning.ogg,
\SFX\Basic\Animals\小山羊^Goat Kids.ogg,
\SFX\Basic\Animals\山羊和小羊 1^Goat And Kid 1.ogg,
\SFX\Basic\Animals\山羊咩咩叫 1^Goat Bleat 1.ogg,
\SFX\Basic\Animals\巨型驼鹿近距离 1^Giant Moose Close 1.ogg,
\SFX\Basic\Animals\巨型驼鹿近距离 2^Giant Moose Close 2.ogg,
\SFX\Basic\Animals\巨型驼鹿近距离 3^Giant Moose Close 3.ogg,
\SFX\Basic\Animals\巨型驼鹿近距离 4^Giant Moose Close 4.ogg,
\SFX\Basic\Animals\巨型驼鹿近距离 5^Giant Moose Close 5.ogg,
\SFX\Basic\Animals\恐狼死亡 1^Dire Wolf Death 1.ogg,
\SFX\Basic\Animals\恐狼死亡 2^Dire Wolf Death 2.ogg,
\SFX\Basic\Animals\恐龙低沉咆哮^Dinosaur Deep Growl.ogg,
\SFX\Basic\Animals\打呼噜的猫 (循环)^Purring Cat (Loop).ogg,
\SFX\Basic\Animals\普通狗不满 1^Average Dog Discontent 1.ogg,
\SFX\Basic\Animals\普通狗不满 2^Average Dog Discontent 2.ogg,
\SFX\Basic\Animals\普通狗不满 3^Average Dog Discontent 3.ogg,
\SFX\Basic\Animals\普通狗低声吠叫 1^Average Dog Quiet Bark 1.ogg,
\SFX\Basic\Animals\普通狗低声吠叫 2^Average Dog Quiet Bark 2.ogg,
\SFX\Basic\Animals\普通狗呜咽 1^Average Dog Whimper 1.ogg,
\SFX\Basic\Animals\普通狗呜咽 2^Average Dog Whimper 2.ogg,
\SFX\Basic\Animals\普通狗呜咽 3^Average Dog Whimper 3.ogg,
\SFX\Basic\Animals\普通狗呼吸 1^Average Dog Breath 1.ogg,
\SFX\Basic\Animals\普通狗喘气 1^Average Dog Panting 1.ogg,
\SFX\Basic\Animals\普通狗嗅探 (循环)^Average Dog Sniffing (Loop).ogg,
\SFX\Basic\Animals\普通狗嗅探 1^Average Dog Sniffing 1.ogg,
\SFX\Basic\Animals\普通狗嗅探 2^Average Dog Sniffing 2.ogg,
\SFX\Basic\Animals\棕熊死亡 1^Brown Bear Death 1.ogg,
\SFX\Basic\Animals\母牛叫声 1^Cow Vocalization 1.ogg,
\SFX\Basic\Animals\母牛叫声 2^Cow Vocalization 2.ogg,
\SFX\Basic\Animals\母牛叫声 3^Cow Vocalization 3.ogg,
\SFX\Basic\Animals\母牛呻吟 1^Cow Moan 1.ogg,
\SFX\Basic\Animals\母牛呻吟 2^Cow Moan 2.ogg,
\SFX\Basic\Animals\母牛哞哞叫 1^Cow Moo 1.ogg,
\SFX\Basic\Animals\母鸡 1^Hen 1.ogg,
\SFX\Basic\Animals\火鸡咯咯叫 1^Turkey Gobble 1.ogg,
\SFX\Basic\Animals\火鸡咯咯叫 2^Turkey Gobble 2.ogg,
\SFX\Basic\Animals\熊伏击^Bear Ambush.ogg,
\SFX\Basic\Animals\狗吃东西咬碎骨头 (循环)^Dog Eating And Breaking Bones (Loop).ogg,
\SFX\Basic\Animals\狗哭泣和吠叫^Dog Crying And Barking.ogg,
\SFX\Basic\Animals\狗喘气和甩动^Dog Panting and Shaking.ogg,
\SFX\Basic\Animals\狗喝水 (循环)^Dog Drinking Water (Loop).ogg,
\SFX\Basic\Animals\狗嚎叫 1^Dog Howl 1.ogg,
\SFX\Basic\Animals\狗嚎叫 2^Dog Howl 2.ogg,
\SFX\Basic\Animals\狗嚎叫 3^Dog Howl 3.ogg,
\SFX\Basic\Animals\狗群吠叫和嚎叫 (循环)^Dogs Pack Barking And Howling (Loop).ogg,
\SFX\Basic\Animals\狮子死亡 1^Lion Death 1.ogg,
\SFX\Basic\Animals\狮子死亡 2^Lion Death 2.ogg,
\SFX\Basic\Animals\狼咬^Wolf's Bite.ogg,
\SFX\Basic\Animals\狼死亡 1^Wolf Death 1.ogg,
\SFX\Basic\Animals\狼死亡 2^Wolf Death 2.ogg,
\SFX\Basic\Animals\猪咕噜声 1^Pig Grunt 1.ogg,
\SFX\Basic\Animals\猪咕噜声 2^Pig Grunt 2.ogg,
\SFX\Basic\Animals\猪咕噜声 3^Pig Grunt 3.ogg,
\SFX\Basic\Animals\猪咕噜声 4^Pig Grunt 4.ogg,
\SFX\Basic\Animals\猫叫 (近距离)^Cat Meow (Close).ogg,
\SFX\Basic\Animals\猫叫 1^Cat Meow 1.ogg,
\SFX\Basic\Animals\猫叫 2^Cat Meow 2.ogg,
\SFX\Basic\Animals\猫呼噜声 (循环)^Cat Purring (Loop).ogg,
\SFX\Basic\Animals\猫头鹰死亡 1^Owl Death 1.ogg,
\SFX\Basic\Animals\猫头鹰死亡 2^Owl Death 2.ogg,
\SFX\Basic\Animals\生物抓挠泥土 (循环)^Creature Scratching Dirt (Loop).ogg,
\SFX\Basic\Animals\秃鹫死亡 1^Vulture Death 1.ogg,
\SFX\Basic\Animals\秃鹫死亡 2^Vulture Death 2.ogg,
\SFX\Basic\Animals\绵羊咩咩叫 2^Sheep Bleat 2.ogg,
\SFX\Basic\Animals\老鼠吱吱叫 1^Rats Squeaking 1.ogg,
\SFX\Basic\Animals\老鼠吱吱叫 2^Rats Squeaking 2.ogg,
\SFX\Basic\Animals\苍蝇 (循环)^Flies (Loop).ogg,
\SFX\Basic\Animals\蛋孵化^Egg Hatching.ogg,
\SFX\Basic\Animals\蜜蜂飞舞 (循环)^Bees Flying Around (Loop).ogg,
\SFX\Basic\Animals\野猪死亡 1^Boar Death 1.ogg,
\SFX\Basic\Animals\阁楼里的生物 (循环)^Creatures In The Attic (Loop).ogg,
\SFX\Basic\Animals\马嘶鸣 1^Horse Neighing 1.ogg,
\SFX\Basic\Animals\马嘶鸣 2^Horse Neighing 2.ogg,
\SFX\Basic\Animals\马打响鼻 1^Horse Snort 1.ogg,
\SFX\Basic\Animals\驴叫 1^Donkey Braying 1.ogg,
\SFX\Basic\Animals\鸭子嘎嘎叫^Duck Quack.ogg,
\SFX\Basic\Animals\鹰尖啸 1^Hawk Screech 1.ogg,
\SFX\Basic\Animals\鹰尖啸 2^Hawk Screech 2.ogg,
\SFX\Basic\Animals\鹰死亡 1^Eagle Death 1.ogg,
\SFX\Basic\Animals\鹰死亡 1^Hawk Death 1.ogg,
\SFX\Basic\Animals\鹰死亡 2^Eagle Death 2.ogg,
\SFX\Basic\Animals\鹰死亡 2^Hawk Death 2.ogg,
\SFX\Basic\Animals\黑熊死亡 1^Black Bear Death 1.ogg,
\SFX\Basic\Animals\黑熊死亡 2^Black Bear Death 2.ogg,
\SFX\Basic\Arctic\极地航行^Polar Voyage.ogg,
\SFX\Basic\Battle\恶魔大战冒险者远处的打斗声^Demons VS Adventurers Distant Fight.ogg,
\SFX\Basic\Bells\冥想钟 1^Meditation Bell 1.ogg,
\SFX\Basic\Bells\小铃铛 1^Small Bell 1.ogg,
\SFX\Basic\Bells\恐怖钟声 1^Creepy Bell 1.ogg,
\SFX\Basic\Bells\教堂钟声两下 1^Church Bell Twice 1.ogg,
\SFX\Basic\Bells\自行车铃 1^Bike Bell 1.ogg,
\SFX\Basic\Bells\金属手摇铃 1^Metal Handbell 1.ogg,
\SFX\Basic\Bells\钹 1^Cymbal 1.ogg,
\SFX\Basic\Cartoon\三秒鼓点^Drumrolls Three Seconds.ogg,
\SFX\Basic\Cartoon\卡通弹跳声^Toon Boing.ogg,
\SFX\Basic\Cartoon\四秒鼓点^Drumrolls Four Seconds.ogg,
\SFX\Basic\Cartoon\定音鼓声^Badumtss Drum.ogg,
\SFX\Basic\Cartoon\小丑喇叭 01^Clown Horn 01.ogg,
\SFX\Basic\Cartoon\鼓棒定拍^Drumsticks Pace Setting.ogg,
\SFX\Basic\Cinematic\低音轰鸣 1^Sub Boom 1.ogg,
\SFX\Basic\Cinematic\巨大撞击声 1^Huge Impact 1.ogg,
\SFX\Basic\Cinematic\带回声的心跳 (循环)^Heart Beat With Echo (Loop).ogg,
\SFX\Basic\Cinematic\带混响的恐怖吹气声 1^Creepy Blowing With Reverb 1.ogg,
\SFX\Basic\Cinematic\带混响的恐怖吹气声 2^Creepy Blowing With Reverb 2.ogg,
\SFX\Basic\Cinematic\带混响的恐怖吹气声 3^Creepy Blowing With Reverb 3.ogg,
\SFX\Basic\Cinematic\恐怖亚洲转场旋律 1^Creepy Asian Transition Melody 1.ogg,
\SFX\Basic\Cinematic\恐怖亚洲转场旋律 2^Creepy Asian Transition Melody 2.ogg,
\SFX\Basic\Cinematic\恐怖亚洲转场旋律 3^Creepy Asian Transition Melody 3.ogg,
\SFX\Basic\Cinematic\恐怖亚洲转场旋律 4^Creepy Asian Transition Melody 4.ogg,
\SFX\Basic\Cinematic\恐怖刺点声 1^Horror Stinger 1.ogg,
\SFX\Basic\Cinematic\恐怖刺点声 2^Horror Stinger 2.ogg,
\SFX\Basic\Cinematic\恐怖刺点声 3^Horror Stinger 3.ogg,
\SFX\Basic\Cinematic\恐怖呼啸声 1^Horror Whoosh 1.ogg,
\SFX\Basic\Cinematic\恐怖耳语呼啸声 1^Creepy Whisper Whoosh 1.ogg,
\SFX\Basic\Cinematic\恐怖膨胀声 1^Creepy Swell 1.ogg,
\SFX\Basic\Cinematic\戏剧性呼啸声 1^Dramatic Whoosh 1.ogg,
\SFX\Basic\Cinematic\日式刺点声^Japanese Stinger.ogg,
\SFX\Basic\Cinematic\时间魔法呼啸声^Chronomancy Whoosh.ogg,
\SFX\Basic\Cinematic\梦呓人声 1^Oniric Voices 1.ogg,
\SFX\Basic\Cinematic\梦呓人声 2^Oniric Voices 2.ogg,
\SFX\Basic\Cinematic\梦呓人声 3^Oniric Voices 3.ogg,
\SFX\Basic\Cinematic\梦呓人声 4^Oniric Voices 4.ogg,
\SFX\Basic\Cinematic\梦呓人声 5^Oniric Voices 5.ogg,
\SFX\Basic\Cinematic\梦呓人声 6^Oniric Voices 6.ogg,
\SFX\Basic\Cinematic\电影开场 1^Cinematic Intro 1.ogg,
\SFX\Basic\Cinematic\电影开场 2^Cinematic Intro 2.ogg,
\SFX\Basic\Cinematic\电影震撼号角 1^Braaam Horn 1.ogg,
\SFX\Basic\Cinematic\萨满刺点声 1^Shamanic Stinger 1.ogg,
\SFX\Basic\Cinematic\金属呼啸声 1^Metallic Whoosh 1.ogg,
\SFX\Basic\Cinematic\金属咆哮声 3^Metal Growl 3.ogg,
\SFX\Basic\Cinematic\金属咆哮声 4^Metal Growl 4.ogg,
\SFX\Basic\Cinematic\金属咆哮声 5^Metal Growl 5.ogg,
\SFX\Basic\Cinematic\金属咆哮声 6^Metal Growl 6.ogg,
\SFX\Basic\Cinematic\金属尖叫声 1^Metal Screech 1.ogg,
\SFX\Basic\Cinematic\金属撞击声 2^Metal Clang 2.ogg,
\SFX\Basic\Cinematic\金属物品掉落 1^Metal Item Falling 1.ogg,
\SFX\Basic\Cinematic\阵风呼啸声 1^Wind Gust Whoosh 1.ogg,
\SFX\Basic\Cinematic\阵风呼啸声 2^Wind Gust Whoosh 2.ogg,
\SFX\Basic\Cinematic\阵风呼啸声 3^Wind Gust Whoosh 3.ogg,
\SFX\Basic\Cinematic\雷鼓 1^Thunder Drum 1.ogg,
\SFX\Basic\Cinematic\驱散幽灵 (循环)^Scattered Ghost (Loop).ogg,
\SFX\Basic\Cinematic\黑暗呼啸声^Dark Whoosh.ogg,
\SFX\Basic\Combat\人类倒下^Human Collapsing.ogg,
\SFX\Basic\Combat\光耀伤害 2^Radiant Damage 2.ogg,
\SFX\Basic\Combat\光耀伤害 3^Radiant Damage 3.ogg,
\SFX\Basic\Combat\光耀伤害 4^Radiant Damage 4.ogg,
\SFX\Basic\Combat\利刃处决 1^Blade Execution 1.ogg,
\SFX\Basic\Combat\利刃处决 2^Blade Execution 2.ogg,
\SFX\Basic\Combat\刺客连击^Assassin Combo.ogg,
\SFX\Basic\Combat\力场伤害 1^Force Damage 1.ogg,
\SFX\Basic\Combat\力场伤害 2^Force Damage 2.ogg,
\SFX\Basic\Combat\力场伤害 3^Force Damage 3.ogg,
\SFX\Basic\Combat\寒冷伤害 3^Cold Damage 3.ogg,
\SFX\Basic\Combat\寒冷伤害 4^Cold Damage 4.ogg,
\SFX\Basic\Combat\寒冷伤害 5^Cold Damage 5.ogg,
\SFX\Basic\Combat\幽灵吐息^Ghostly Breath.ogg,
\SFX\Basic\Combat\弓箭装填^Bow Loading.ogg,
\SFX\Basic\Combat\强行破门^Gate Forced Open.ogg,
\SFX\Basic\Combat\心灵伤害 3^Psychic Damage 3.ogg,
\SFX\Basic\Combat\心灵伤害 4^Psychic Damage 4.ogg,
\SFX\Basic\Combat\心灵伤害 5^Psychic Damage 5.ogg,
\SFX\Basic\Combat\心灵吐息^Psychic Breath.ogg,
\SFX\Basic\Combat\掰手指关节^Cracking Knuckles.ogg,
\SFX\Basic\Combat\斧头击中^Axe Hit.ogg,
\SFX\Basic\Combat\斧头未中^Axe Miss.ogg,
\SFX\Basic\Combat\斩首倒地 1^Beheading And Fall 1.ogg,
\SFX\Basic\Combat\斩首倒地 2^Beheading And Fall 2.ogg,
\SFX\Basic\Combat\死灵伤害 2^Necrotic Damage 2.ogg,
\SFX\Basic\Combat\死灵伤害 3^Necrotic Damage 3.ogg,
\SFX\Basic\Combat\死灵伤害 4^Necrotic Damage 4.ogg,
\SFX\Basic\Combat\死灵吐息^Necrotic Breath.ogg,
\SFX\Basic\Combat\毒素伤害 2^Poison Damage 2.ogg,
\SFX\Basic\Combat\毒素伤害 3^Poison Damage 3.ogg,
\SFX\Basic\Combat\毒素伤害 4^Poison Damage 4.ogg,
\SFX\Basic\Combat\毒素吐息^Poison Breath.ogg,
\SFX\Basic\Combat\水流吐息^Water Breath.ogg,
\SFX\Basic\Combat\火焰伤害 3^Fire Damage 3.ogg,
\SFX\Basic\Combat\火焰伤害 4^Fire Damage 4.ogg,
\SFX\Basic\Combat\火焰伤害 5^Fire Damage 5.ogg,
\SFX\Basic\Combat\炮弹击中船只内部^Cannonball Hitting Ship Interior.ogg,
\SFX\Basic\Combat\男人被勒死 1^Man Getting Strangled 1.ogg,
\SFX\Basic\Combat\男人被勒死 2^Man Getting Strangled 2.ogg,
\SFX\Basic\Combat\男性兽人低沉战吼 1^Male Orc Deep War Cry 1.ogg,
\SFX\Basic\Combat\男性兽人战吼 1^Male Orc War Cry 1.ogg,
\SFX\Basic\Combat\碎尸声 1^Crushing Body 1.ogg,
\SFX\Basic\Combat\碎尸声 2^Crushing Body 2.ogg,
\SFX\Basic\Combat\碎尸声 3^Crushing Body 3.ogg,
\SFX\Basic\Combat\碎尸声 4^Crushing Body 4.ogg,
\SFX\Basic\Combat\类人生物哼声 1^Humanoid Grunt 1.ogg,
\SFX\Basic\Combat\类人生物哼声 2^Humanoid Grunt 2.ogg,
\SFX\Basic\Combat\粉碎踢击 1^Crushing Kick 1.ogg,
\SFX\Basic\Combat\酸蚀伤害 3^Acid Damage 3.ogg,
\SFX\Basic\Combat\酸蚀伤害 4^Acid Damage 4.ogg,
\SFX\Basic\Combat\酸蚀伤害 5^Acid Damage 5.ogg,
\SFX\Basic\Combat\钝击伤害 1^Bludgeoning Damage 1.ogg,
\SFX\Basic\Combat\钝击伤害 2^Bludgeoning Damage 2.ogg,
\SFX\Basic\Combat\钝击伤害 3^Bludgeoning Damage 3.ogg,
\SFX\Basic\Crystal\水下水晶 (无气泡)^Crystal Under Water (No bubbles).ogg,
\SFX\Basic\Crystal\水下水晶^Crystal Under Water.ogg,
\SFX\Basic\Crystal\水晶叶片^Crystal Leaves.ogg,
\SFX\Basic\Destruction\地震造成土石开裂^Cracking Earthquake Soil And Stone.ogg,
\SFX\Basic\Destruction\垃圾掉落 1^Trash Falling 1.ogg,
\SFX\Basic\Destruction\垃圾掉落 2^Trash Falling 2.ogg,
\SFX\Basic\Destruction\大型木材撞击 1^Large Wood Impact 1.ogg,
\SFX\Basic\Destruction\大型木材撞击 2^Large Wood Impact 2.ogg,
\SFX\Basic\Destruction\大锤砸墙 (循环)^Wall Destruction With a Sledgehammer (Loop).ogg,
\SFX\Basic\Destruction\小块肉体撞击 1^Small Meat Impact 1.ogg,
\SFX\Basic\Destruction\小块肉体撞击 2^Small Meat Impact 2.ogg,
\SFX\Basic\Destruction\小型建筑物内部倒塌^Collapsing Building Interior Small.ogg,
\SFX\Basic\Destruction\小型杂物撞击 1^Small Misc Item Impact 1.ogg,
\SFX\Basic\Destruction\小型杂物撞击 2^Small Misc Item Impact 2.ogg,
\SFX\Basic\Destruction\小型金属撞击 1^Small Metal Impact 1.ogg,
\SFX\Basic\Destruction\布料撕裂 1^Cloth Rip 1.ogg,
\SFX\Basic\Destruction\建筑物内部倒塌 1^Collapsing Building Interior 1.ogg,
\SFX\Basic\Destruction\建筑物外部倒塌^Collapsing Building Exterior.ogg,
\SFX\Basic\Destruction\强破坏性地震 1 (循环)^Strong Earthquake With Destruction 1 (Loop).ogg,
\SFX\Basic\Destruction\强酸灼烧 1^Acid Burn 1.ogg,
\SFX\Basic\Destruction\房屋倒塌 1^House Collapsing 1.ogg,
\SFX\Basic\Destruction\撕裂布料 1^Ripping Cloth 1.ogg,
\SFX\Basic\Destruction\木桥坍塌^Wood Bridge Collapse.ogg,
\SFX\Basic\Destruction\木箱摧毁 1^Wooden Crate Destroyed 1.ogg,
\SFX\Basic\Destruction\木箱摧毁 2^Wooden Crate Destroyed 2.ogg,
\SFX\Basic\Destruction\木箱摧毁 3^Wooden Crate Destroyed 3.ogg,
\SFX\Basic\Destruction\沉重低音爆炸 1^Heavy and Bassy Explosion 1.ogg,
\SFX\Basic\Destruction\沉重低音爆炸 2^Heavy and Bassy Explosion 2.ogg,
\SFX\Basic\Destruction\深沉爆炸^Deep Explosion.ogg,
\SFX\Basic\Destruction\火山碎屑流吹飞树木 (循环)^Pyroclastic Flow Blowing Trees Away (Loop).ogg,
\SFX\Basic\Destruction\火山碎屑流吹飞树木 (短)^Pyroclastic Flow Blowing Trees Away (Short).ogg,
\SFX\Basic\Destruction\火山碎屑流吹飞树木^Pyroclastic Flow Blowing Trees Away.ogg,
\SFX\Basic\Destruction\玻璃元素摧毁 1^Glass Element Destroyed 1.ogg,
\SFX\Basic\Destruction\玻璃粉碎 1^Glass Shatter 1.ogg,
\SFX\Basic\Destruction\玻璃粉碎 2^Glass Shatter 2.ogg,
\SFX\Basic\Destruction\玻璃粉碎 3^Glass Shatter 3.ogg,
\SFX\Basic\Destruction\瓮移动并破碎 1^Urn Move and Break 1.ogg,
\SFX\Basic\Destruction\瓮移动并破碎 2^Urn Move and Break 2.ogg,
\SFX\Basic\Destruction\瓶子摔碎 1^Bottle Smash 1.ogg,
\SFX\Basic\Destruction\瓶子摔碎 2^Bottle Smash 2.ogg,
\SFX\Basic\Destruction\石桥坍塌^Stone Bridge Collapse.ogg,
\SFX\Basic\Destruction\破冰声 1^Ice Breaking 1.ogg,
\SFX\Basic\Destruction\破冰声 2^Ice Breaking 2.ogg,
\SFX\Basic\Destruction\破冰声 3^Ice Breaking 3.ogg,
\SFX\Basic\Destruction\碎玻璃垃圾 2^Breaking Glass Trash 2.ogg,
\SFX\Basic\Destruction\碎玻璃垃圾 3^Breaking Glass Trash 3.ogg,
\SFX\Basic\Destruction\绳桥坍塌^Rope Bridge Collapse.ogg,
\SFX\Basic\Destruction\近距离爆炸 2^Explosion Close 2.ogg,
\SFX\Basic\Destruction\近距离爆炸 3^Explosion Close 3.ogg,
\SFX\Basic\Destruction\近距离爆炸 4^Explosion Close 4.ogg,
\SFX\Basic\Destruction\金属桥坍塌^Metal Bridge Collapse.ogg,
\SFX\Basic\Destruction\铸铁撞击声 1^Cast Iron Clang 1.ogg,
\SFX\Basic\Destruction\铸铁撞击声 2^Cast Iron Clang 2.ogg,
\SFX\Basic\Devices\传送陷阱^Teleport Trap.ogg,
\SFX\Basic\Devices\冬季魔法石 (循环)^Winter Magic Stone (Loop).ogg,
\SFX\Basic\Devices\图书馆自动机助手^Library Automaton Assistant.ogg,
\SFX\Basic\Devices\夏季魔法石 (循环)^Summer Magic Stone (Loop).ogg,
\SFX\Basic\Devices\捕兽夹^Bear Trap.ogg,
\SFX\Basic\Devices\春季魔法石 (循环)^Spring Magic Stone (Loop).ogg,
\SFX\Basic\Devices\秋季魔法石 (循环)^Autumn Magic Stone (Loop).ogg,
\SFX\Basic\Devices\钉刺天花板^Spike Ceiling.ogg,
\SFX\Basic\Devices\附魔光源 (循环)^Enchanted Light Source (Loop).ogg,
\SFX\Basic\Devices\魔法冰雕 (循环)^Magical Ice Sculpture (Loop).ogg,
\SFX\Basic\Doors\关门 1^Door Closing 1.ogg,
\SFX\Basic\Doors\关门 2^Door Closing 2.ogg,
\SFX\Basic\Doors\关门 3^Door Closing 3.ogg,
\SFX\Basic\Doors\关门 4^Door Closing 4.ogg,
\SFX\Basic\Doors\关门带嘎吱声 1^Door Closing with Creak 1.ogg,
\SFX\Basic\Doors\关门带嘎吱声 2^Door Closing with Creak 2.ogg,
\SFX\Basic\Doors\关门带嘎吱声 3^Door Closing with Creak 3.ogg,
\SFX\Basic\Doors\关门带嘎吱声 4^Door Closing with Creak 4.ogg,
\SFX\Basic\Doors\开锁带嘎吱声 1^Door Unlock with Creak 1.ogg,
\SFX\Basic\Doors\开锁带嘎吱声 2^Door Unlock with Creak 2.ogg,
\SFX\Basic\Doors\开锁带嘎吱声 3^Door Unlock with Creak 3.ogg,
\SFX\Basic\Doors\开锁带嘎吱声 4^Door Unlock with Creak 4.ogg,
\SFX\Basic\Doors\撞破木门^Breaking Down Wood Door.ogg,
\SFX\Basic\Doors\敲门声 1^Knocking on Door 1.ogg,
\SFX\Basic\Doors\敲门声 2^Knocking on Door 2.ogg,
\SFX\Basic\Doors\猛烈敲门^Aggressive Door Knocking.ogg,
\SFX\Basic\Doors\用钥匙打开旧门^Opening Old Door With Key.ogg,
\SFX\Basic\Doors\破门而入^Break Through Door.ogg,
\SFX\Basic\Doors\重金属嘎吱声 1^Heavy Metal Groan 1.ogg,
\SFX\Basic\Doors\重金属门关闭 1^Heavy Metal Door Closing 1.ogg,
\SFX\Basic\Doors\金属舱门关闭^Metal Hatch Close.ogg,
\SFX\Basic\Doors\金属舱门打开^Metal Hatch Open.ogg,
\SFX\Basic\Doors\门嘎吱作响 1^Door Creaking 1.ogg,
\SFX\Basic\Doors\门嘎吱作响 2^Door Creaking 2.ogg,
\SFX\Basic\Doors\门嘎吱作响 3^Door Creaking 3.ogg,
\SFX\Basic\Doors\门嘎吱作响 4^Door Creaking 4.ogg,
\SFX\Basic\Environment\地板嘎吱声 1^Floor Creak 1.ogg,
\SFX\Basic\Environment\地板嘎吱声 2^Floor Creak 2.ogg,
\SFX\Basic\Environment\地板嘎吱声 3^Floor Creak 3.ogg,
\SFX\Basic\Environment\地震^Earthquake.ogg,
\SFX\Basic\Environment\壁炉 (循环)^Fireplace (Loop).ogg,
\SFX\Basic\Environment\室内大火 (循环)^Inferno Indoor (Loop).ogg,
\SFX\Basic\Environment\室外大火 (循环)^Inferno Outdoor (Loop).ogg,
\SFX\Basic\Environment\巨大瀑布 (循环)^Huge Waterfall (Loop).ogg,
\SFX\Basic\Environment\抽屉关闭 1^Drawer Closed 1.ogg,
\SFX\Basic\Environment\抽屉打开 1^Drawer Open 1.ogg,
\SFX\Basic\Environment\树木倒塌 1^Tree Falling 1.ogg,
\SFX\Basic\Environment\树木倒塌 2^Tree Falling 2.ogg,
\SFX\Basic\Environment\树枝折断 1^Twig Snap 1.ogg,
\SFX\Basic\Environment\树枝折断 2^Twig Snap 2.ogg,
\SFX\Basic\Environment\树枝燃烧 (循环)^Tree Branches Fire (Loop).ogg,
\SFX\Basic\Environment\植物快速生长 1^Plant Growing Fast 1.ogg,
\SFX\Basic\Environment\气体释放 1^Air Release 1.ogg,
\SFX\Basic\Environment\水滴 (循环)^Water Droplets (Loop).ogg,
\SFX\Basic\Environment\水滴带混响 (循环)^Water Droplets With Reverb (Loop).ogg,
\SFX\Basic\Environment\沉重雷声 1^Heavy Thunder 1.ogg,
\SFX\Basic\Environment\沉重雷声 2^Heavy Thunder 2.ogg,
\SFX\Basic\Environment\沉重雷声 3^Heavy Thunder 3.ogg,
\SFX\Basic\Environment\沉重雷声 4^Heavy Thunder 4.ogg,
\SFX\Basic\Environment\沉重雷声 5^Heavy Thunder 5.ogg,
\SFX\Basic\Environment\沉重雷声 6^Heavy Thunder 6.ogg,
\SFX\Basic\Environment\沉重雷声 7^Heavy Thunder 7.ogg,
\SFX\Basic\Environment\河流 (循环)^River (Loop).ogg,
\SFX\Basic\Environment\滚滚雷声^Thunder Rolling.ogg,
"\SFX\Basic\Environment\滴答声 (洞穴内, 循环)^Drip-drop (In a Cavern, Loop).ogg",
"\SFX\Basic\Environment\滴答声 (近距离, 循环)^Drip-drop (Close, Loop).ogg",
\SFX\Basic\Environment\瀑布 (循环)^Waterfall (Loop).ogg,
\SFX\Basic\Environment\熔岩坑^Lava Pit.ogg,
\SFX\Basic\Environment\营火 (循环)^Campfire (Loop).ogg,
\SFX\Basic\Environment\落石^Falling Rock.ogg,
\SFX\Basic\Environment\远处的喷发^Eruption Far Away.ogg,
\SFX\Basic\Environment\霹雳声 1^Thunderclap 1.ogg,
\SFX\Basic\Environment\霹雳声 2^Thunderclap 2.ogg,
\SFX\Basic\Environment\霹雳声 3^Thunderclap 3.ogg,
\SFX\Basic\Environment\霹雳声 4^Thunderclap 4.ogg,
\SFX\Basic\Fireworks\烟花 (循环)^Fireworks (Loop).ogg,
\SFX\Basic\Fireworks\烟花发射 1^Firework Shot 1.ogg,
\SFX\Basic\Fireworks\烟花发射 2^Firework Shot 2.ogg,
\SFX\Basic\Fireworks\烟花发射 3^Firework Shot 3.ogg,
\SFX\Basic\Fireworks\蜜蜂烟花^Bee Firework.ogg,
\SFX\Basic\Games\投掷多颗骰子 1^Many Dice Thrown 1.ogg,
\SFX\Basic\Games\投掷多颗骰子 2^Many Dice Thrown 2.ogg,
\SFX\Basic\Games\抽牌 1^Card Drawing 1.ogg,
\SFX\Basic\Games\抽牌 2^Card Drawing 2.ogg,
\SFX\Basic\Games\抽牌 3^Card Drawing 3.ogg,
\SFX\Basic\Games\抽牌 4^Card Drawing 4.ogg,
\SFX\Basic\Games\抽牌 5^Card Drawing 5.ogg,
\SFX\Basic\Games\抽牌 6^Card Drawing 6.ogg,
\SFX\Basic\Games\掷骰子^Dice Roll.ogg,
\SFX\Basic\Games\桌上滚骰子 1^Dice Rolling On Table 1.ogg,
\SFX\Basic\Games\洗牌 (循环)^Card Shuffling (Loop).ogg,
\SFX\Basic\Games\骰子掷在硬木上 1^Dice on Hard Wood 1.ogg,
\SFX\Basic\Games\骰子掷在硬木上 2^Dice on Hard Wood 2.ogg,
\SFX\Basic\Games\骰子掷在硬木上 3^Dice on Hard Wood 3.ogg,
\SFX\Basic\Gore\中度血腥声 1^Gore Medium 1.ogg,
"\SFX\Basic\Gore\内脏 (掉落, 单次)^Guts (Falling, One-Shot).ogg",
"\SFX\Basic\Gore\内脏 (翻找, 循环)^Guts (Rummaging, Loop).ogg",
\SFX\Basic\Gore\头骨破裂 (短)^Skull Cracking (Short).ogg,
\SFX\Basic\Gore\头骨破裂 (长)^Skull Cracking (Long).ogg,
\SFX\Basic\Gore\悬挂的茧 (循环)^Hanging Cocoons (Loop).ogg,
\SFX\Basic\Gore\湿润血腥声 3^Wet Gore 3.ogg,
\SFX\Basic\Gore\湿润血腥声 4^Wet Gore 4.ogg,
\SFX\Basic\Gore\湿润血腥声 5^Wet Gore 5.ogg,
\SFX\Basic\Gore\短促血腥声 1^Gore Short 1.ogg,
\SFX\Basic\Gore\短促血腥声 2^Gore Short 2.ogg,
\SFX\Basic\Gore\血液飞溅 (短)^Blood Spill (Short).ogg,
\SFX\Basic\Gore\血液飞溅 (轻微)^Blood Spill (Mild).ogg,
\SFX\Basic\Gore\血腥声 1 (循环)^Gore 1 (Loop).ogg,
\SFX\Basic\Gore\骨折声 (轻)^Bone Cracking (Light).ogg,
\SFX\Basic\Gore\骨折声 (重)^Bone Cracking (Heavy).ogg,
\SFX\Basic\Items\8 毫米放映机 (循环)^8mm Projector (Loop).ogg,
\SFX\Basic\Items\书中书写 (循环)^Writing in Book (Loop).ogg,
\SFX\Basic\Items\以太之油^Oil of Etherealness.ogg,
\SFX\Basic\Items\传送头盔^Helm of Teleportation.ogg,
\SFX\Basic\Items\划火柴 1^Light A Match 1.ogg,
\SFX\Basic\Items\加速药水^Potion of Speed.ogg,
\SFX\Basic\Items\变化药水^Transmutation Potion.ogg,
\SFX\Basic\Items\变大药水^Potion of Growth.ogg,
\SFX\Basic\Items\喝药^Potion Drink.ogg,
\SFX\Basic\Items\宝箱^Treasure Chest.ogg,
\SFX\Basic\Items\开瓶 1^Bottle Open 1.ogg,
\SFX\Basic\Items\开瓶 2^Bottle Open 2.ogg,
\SFX\Basic\Items\强效治疗药水^Greater Healing Potion.ogg,
\SFX\Basic\Items\打开背包 1^Backpack Open 1.ogg,
\SFX\Basic\Items\打开背包 2^Backpack Open 2.ogg,
"\SFX\Basic\Items\抓钩 (击中, 无移动)^Grappling Iron (Hit, no Movement).ogg",
"\SFX\Basic\Items\抓钩 (击中, 移动)^Grappling Iron (Hit, Movement).ogg",
\SFX\Basic\Items\投掷毒药水^Poison Potion Throw.ogg,
\SFX\Basic\Items\投掷火焰药水^Fire Potion Throw.ogg,
\SFX\Basic\Items\拿取火柴盒^Matchbox Handling.ogg,
\SFX\Basic\Items\数钞票^Counting Money Bills.ogg,
\SFX\Basic\Items\治疗药水^Healing Potion.ogg,
\SFX\Basic\Items\治疗药水^Potion of Healing.ogg,
\SFX\Basic\Items\法力药水^Mana Potion.ogg,
\SFX\Basic\Items\法术卷轴消失^Spell Scroll Vanishing.ogg,
\SFX\Basic\Items\滑溜之油^Oil of Slipperiness.ogg,
\SFX\Basic\Items\火把燃烧循环^Torch Burning Loop.ogg,
\SFX\Basic\Items\爱情药水^Potion of Love.ogg,
\SFX\Basic\Items\看书 (循环)^Book Reading (Loop).ogg,
\SFX\Basic\Items\睡眠神器^Sleepifying Artifact.ogg,
\SFX\Basic\Items\缩小药水^Potion of Diminution.ogg,
\SFX\Basic\Items\轻声喝药^Potion Drink Soft.ogg,
\SFX\Basic\Items\酿造药水 (循环)^Brewing Potions (Loop).ogg,
\SFX\Basic\Items\金属手铐 1^Metal Handcuffs 1.ogg,
\SFX\Basic\Items\钥匙移动 1^Keys Movement 1.ogg,
\SFX\Basic\Items\钥匙移动 2^Keys Movement 2.ogg,
\SFX\Basic\Items\铁器掉落 1^Falling Iron Item 1.ogg,
\SFX\Basic\Items\锁链移动 1 (循环)^Chain Movement 1 (Loop).ogg,
\SFX\Basic\Items\锐锋之油^Oil of Sharpness.ogg,
\SFX\Basic\Items\隐形斗篷^Cloak of Invisibility.ogg,
\SFX\Basic\Items\鞭炮糖果^Firecracker Candies.ogg,
\SFX\Basic\Items\飞来的信件^Flying Mail.ogg,
\SFX\Basic\Items\魔术袋^Bag of Tricks.ogg,
\SFX\Basic\Items\魔法羽毛笔和墨水^Magical Ink & Quill.ogg,
\SFX\Basic\Items\魔法铃铛 1^Magical Bell 1.ogg,
\SFX\Basic\Magic\亡灵重生^Undead Rebirth.ogg,
\SFX\Basic\Magic\倍增弹珠^Multiplying Marbles.ogg,
\SFX\Basic\Magic\北极光^Northern Lights.ogg,
\SFX\Basic\Magic\吸血鬼日光敏感^Vampire's Sunlight Sensitivity.ogg,
\SFX\Basic\Magic\回响计时器 (17 秒)^Reverberating Timer (17s).ogg,
\SFX\Basic\Magic\土地枯萎^Blight in the Land.ogg,
\SFX\Basic\Magic\坩埚冒泡 (循环)^Cauldron Bubbling (Loop).ogg,
\SFX\Basic\Magic\大地之拳^Earth Punch.ogg,
\SFX\Basic\Magic\大火球 (循环)^Big Flaming Sphere (Loop).ogg,
\SFX\Basic\Magic\寒冰拳^Ice Punch.ogg,
\SFX\Basic\Magic\寒流^Cold Snap.ogg,
\SFX\Basic\Magic\打开和关闭邪恶书籍^Open and Close Evil Book.ogg,
\SFX\Basic\Magic\施法方程式^Casting Equations.ogg,
\SFX\Basic\Magic\旋转计时器 (30 秒)^Rotating Timer (30s).ogg,
\SFX\Basic\Magic\昔日英雄^Heroes from the Past.ogg,
\SFX\Basic\Magic\暗影拳^Shadow Punch.ogg,
\SFX\Basic\Magic\气充能^Ki Recharging.ogg,
\SFX\Basic\Magic\气劲拳^Ki Punch.ogg,
\SFX\Basic\Magic\水晶碎片破土而出^Crystal Shard Emerging from the Ground.ogg,
\SFX\Basic\Magic\水法术撞击 1^Water Spell Impact 1.ogg,
\SFX\Basic\Magic\水流拳^Water Punch.ogg,
\SFX\Basic\Magic\流星雨^Meteor Shower.ogg,
\SFX\Basic\Magic\火焰拳^Fire Punch.ogg,
\SFX\Basic\Magic\灵体跳跃 (入)^Ethereal Jump (In).ogg,
\SFX\Basic\Magic\灵体跳跃 (出)^Ethereal Jump (Out).ogg,
\SFX\Basic\Magic\物品附魔过程 (循环)^Item Enchantment Process (Loop).ogg,
\SFX\Basic\Magic\玻璃反向复原效果 1^Reverse Glass Effect 1.ogg,
\SFX\Basic\Magic\疾风拳^Wind Punch.ogg,
\SFX\Basic\Magic\矿工发现魔法宝石^Miner Finds a Magic Gem.ogg,
\SFX\Basic\Magic\箭矢偏转^Arrow Deflection.ogg,
\SFX\Basic\Magic\耳聋 (循环)^Deafened (Loop).ogg,
\SFX\Basic\Magic\闪电伤害 2^Lightning Damage 2.ogg,
\SFX\Basic\Magic\闪电伤害 3^Lightning Damage 3.ogg,
\SFX\Basic\Magic\闪电伤害 4^Lightning Damage 4.ogg,
\SFX\Basic\Magic\雄辩术士的说服演讲^Eloquent Warlock's Persuasive Speech.ogg,
\SFX\Basic\Magic\雷鸣伤害 2^Thunder Damage 2.ogg,
\SFX\Basic\Magic\雷鸣伤害 3^Thunder Damage 3.ogg,
\SFX\Basic\Magic\雷鸣伤害 4^Thunder Damage 4.ogg,
\SFX\Basic\Magic\雷鸣拳^Thunder Punch.ogg,
\SFX\Basic\Magic\震慑拳^Stunning Punch.ogg,
\SFX\Basic\Magic\魔法决斗^Magic Duel.ogg,
\SFX\Basic\Magic\魔法石谜题^Magical Stone Puzzle.ogg,
\SFX\Basic\Magic\魔法锻造 (循环)^Magical Smithing (Loop).ogg,
\SFX\Basic\Magic Items\魔法长棍^Magic Quarterstaff.ogg,
\SFX\Basic\Mechanisms\大铁链 (循环)^Big Metal Chain (Loop).ogg,
\SFX\Basic\Mechanisms\小转轮转动 (循环)^Small Wheel Turning (Loop).ogg,
\SFX\Basic\Mechanisms\带启动声的重型开关 1^Heavy Switch With Powerup 1.ogg,
\SFX\Basic\Mechanisms\带回声的重型开关 1^Heavy Switch With Echo 1.ogg,
\SFX\Basic\Mechanisms\带电流的重型开关 1^Heavy Switch With Electricity 1.ogg,
\SFX\Basic\Mechanisms\带重回声的开关^Switch With Heavy Echo.ogg,
\SFX\Basic\Mechanisms\带音效的重型开关 1^Heavy Switch With Effect 1.ogg,
\SFX\Basic\Mechanisms\怪异机器 (循环)^Eerie Machine (Loop).ogg,
\SFX\Basic\Mechanisms\成功开锁^Successful Lockpicking.ogg,
\SFX\Basic\Mechanisms\旧转轮转动 (循环)^Old Wheel Turning (Loop).ogg,
\SFX\Basic\Mechanisms\木箱打开 1^Wooden Chest Open 1.ogg,
\SFX\Basic\Mechanisms\机械门 2^Mechanical Door 2.ogg,
\SFX\Basic\Mechanisms\生锈齿轮^Gears Rusty.ogg,
\SFX\Basic\Mechanisms\移动石符文 1^Move Stone Rune 1.ogg,
\SFX\Basic\Mechanisms\移动石符文 2^Move Stone Rune 2.ogg,
\SFX\Basic\Mechanisms\移动石符文 3^Move Stone Rune 3.ogg,
\SFX\Basic\Mechanisms\蒸汽朋克心脏 (循环)^Steampunk Heart (Loop).ogg,
\SFX\Basic\Mechanisms\蒸汽朋克心脏^Steampunk Heart.ogg,
\SFX\Basic\Mechanisms\蒸汽朋克装置 1^Steampunk Device 1.ogg,
\SFX\Basic\Mechanisms\蒸汽朋克装置 2^Steampunk Device 2.ogg,
\SFX\Basic\Mechanisms\蒸汽朋克装置 3^Steampunk Device 3.ogg,
\SFX\Basic\Mechanisms\蒸汽朋克装置 4^Steampunk Device 4.ogg,
\SFX\Basic\Mechanisms\蒸汽朋克装置故障 1^Steampunk Device Failing 1.ogg,
\SFX\Basic\Metal\大型金属受力声^Large Metal Stress.ogg,
\SFX\Basic\Metal\小型金属受力声 1^Small Metal Stress 1.ogg,
\SFX\Basic\Metal\弯曲金属条^Bending Metal Bars.ogg,
\SFX\Basic\Metal\金属撞击声 1^Metal Clang 1.ogg,
\SFX\Basic\Monsters\两栖动物 (短)^Amphibian (Short).ogg,
\SFX\Basic\Monsters\两栖动物 (长)^Amphibian (Long).ogg,
\SFX\Basic\Monsters\亡灵死亡 1^Undead Death 1.ogg,
\SFX\Basic\Monsters\亡灵死亡 2^Undead Death 2.ogg,
\SFX\Basic\Monsters\亡灵觉醒^Undead's Awakening.ogg,
\SFX\Basic\Monsters\僵尸入侵^Zombie Invasion.ogg,
\SFX\Basic\Monsters\元素生物死亡 1^Elemental Death 1.ogg,
\SFX\Basic\Monsters\元素生物死亡 2^Elemental Death 2.ogg,
\SFX\Basic\Monsters\元素生物死亡 3^Elemental Death 3.ogg,
\SFX\Basic\Monsters\克拉肯海怪 (咆哮)^Kraken (Roaring).ogg,
\SFX\Basic\Monsters\具有威胁的兽人刺客^Threating Orc Assassin.ogg,
\SFX\Basic\Monsters\兽人倒下^Orc Collapsing.ogg,
\SFX\Basic\Monsters\兽人军阀抵达战场^Orc Warlord Arriving on the Battlefield.ogg,
\SFX\Basic\Monsters\兽人军阀演讲^Orc Warlord's Speech.ogg,
\SFX\Basic\Monsters\兽人喝酒比赛^Orc Drinking Contest.ogg,
\SFX\Basic\Monsters\兽人死亡 1^Orc Death 1.ogg,
\SFX\Basic\Monsters\兽人死亡 2^Orc Death 2.ogg,
\SFX\Basic\Monsters\兽人药水失败^Orc Failing Potion.ogg,
\SFX\Basic\Monsters\兽人赌博游戏^Orcish Gambling Game.ogg,
\SFX\Basic\Monsters\兽人运动得分^Orcish Sports Goal Scored.ogg,
\SFX\Basic\Monsters\兽人铁匠升级武器^Orc Smith Upgrading Weapon.ogg,
\SFX\Basic\Monsters\冬狼死亡 1^Winter Wolf Death 1.ogg,
\SFX\Basic\Monsters\冬狼死亡 2^Winter Wolf Death 2.ogg,
\SFX\Basic\Monsters\冰元素^Ice Elemental.ogg,
\SFX\Basic\Monsters\冰魔蝠死亡 1^Ice Mephit Death 1.ogg,
\SFX\Basic\Monsters\冰魔蝠死亡 2^Ice Mephit Death 2.ogg,
\SFX\Basic\Monsters\冰魔蝠死亡 3^Ice Mephit Death 3.ogg,
\SFX\Basic\Monsters\剑齿虎 (咆哮)^Sabertooth Tiger (Roaring).ogg,
"\SFX\Basic\Monsters\剑齿虎 (攻击, 命中)^Sabertooth Tiger (Attacking, Hit).ogg",
"\SFX\Basic\Monsters\剑齿虎 (攻击, 未命中)^Sabertooth Tiger (Attacking, no Hit).ogg",
\SFX\Basic\Monsters\发条妖精经过^Clockwork Fairy Passing By.ogg,
\SFX\Basic\Monsters\变异鼠^Mutant Rat.ogg,
\SFX\Basic\Monsters\召唤暗影猎犬^Shadow Hound Summoning.ogg,
\SFX\Basic\Monsters\叶状生物行走^Leaf Creature Walking.ogg,
\SFX\Basic\Monsters\吸血鬼撕咬^Vampire's Bite.ogg,
\SFX\Basic\Monsters\吸血鬼觉醒 (带笑声)^Vampire's Awakening (with laugh).ogg,
\SFX\Basic\Monsters\吸血鬼觉醒^Vampire's Awakening.ogg,
\SFX\Basic\Monsters\哥布林倒下^Goblin Collapsing.ogg,
\SFX\Basic\Monsters\哥布林受击 1^Goblin Hit 1.ogg,
\SFX\Basic\Monsters\哥布林受击 2^Goblin Hit 2.ogg,
\SFX\Basic\Monsters\哥布林受击 3^Goblin Hit 3.ogg,
\SFX\Basic\Monsters\哥布林打嗝 1^Goblin Burp 1.ogg,
\SFX\Basic\Monsters\哥布林攻击 1^Goblin Attack 1.ogg,
\SFX\Basic\Monsters\哥布林攻击 2^Goblin Attack 2.ogg,
\SFX\Basic\Monsters\哥布林死亡 1^Goblin Death 1.ogg,
\SFX\Basic\Monsters\哥布林死亡 2^Goblin Death 2.ogg,
\SFX\Basic\Monsters\土元素^Earth Elemental.ogg,
\SFX\Basic\Monsters\土元素死亡 2^Earth Elemental Death 2.ogg,
\SFX\Basic\Monsters\土元素死亡 3^Earth Elemental Death 3.ogg,
\SFX\Basic\Monsters\土巨灵^Earth Genie.ogg,
\SFX\Basic\Monsters\基基莫拉^Kikimora.ogg,
\SFX\Basic\Monsters\塞壬海妖 (歌唱)^Siren (Singing).ogg,
"\SFX\Basic\Monsters\塞壬海妖 (爪击, 命中)^Siren (Claw Attack, Hit).ogg",
"\SFX\Basic\Monsters\塞壬海妖 (爪击, 未命中)^Siren (Claw Attack, No Hit).ogg",
\SFX\Basic\Monsters\大型怪物受击 1^Large Monster Hit 1.ogg,
\SFX\Basic\Monsters\大型怪物受击 2^Large Monster Hit 2.ogg,
\SFX\Basic\Monsters\大型怪物吐息^Large Monster Breath.ogg,
\SFX\Basic\Monsters\大型怪物死亡 1^Large Monster Death 1.ogg,
\SFX\Basic\Monsters\大型野兽飞行^Large Beast in Flight.ogg,
\SFX\Basic\Monsters\大得精攻击 1^Hobgoblin Attack 1.ogg,
\SFX\Basic\Monsters\大得精攻击 2^Hobgoblin Attack 2.ogg,
\SFX\Basic\Monsters\天使 (出现)^Angel (Appearance).ogg,
\SFX\Basic\Monsters\天界生物死亡 1^Celestial Death 1.ogg,
\SFX\Basic\Monsters\天界生物死亡 2^Celestial Death 2.ogg,
\SFX\Basic\Monsters\天界生物死亡 3^Celestial Death 3.ogg,
\SFX\Basic\Monsters\天界生物死亡 4^Celestial Death 4.ogg,
\SFX\Basic\Monsters\奇美拉死亡 1^Chimera Death 1.ogg,
\SFX\Basic\Monsters\奇美拉死亡 2^Chimera Death 2.ogg,
\SFX\Basic\Monsters\奇美拉死亡 3^Chimera Death 3.ogg,
\SFX\Basic\Monsters\好斗的狗头人^Agressive Kobold.ogg,
\SFX\Basic\Monsters\宝箱怪   模仿怪^Mimic.ogg,
\SFX\Basic\Monsters\小型昆虫受击 1^Small Insect Hit 1.ogg,
\SFX\Basic\Monsters\小型昆虫死亡 1^Small Insect Death 1.ogg,
\SFX\Basic\Monsters\小型昆虫死亡 2^Small Insect Death 2.ogg,
\SFX\Basic\Monsters\小型类人生物死亡 1^Small Humanoid Death 1.ogg,
\SFX\Basic\Monsters\小型精类生物死亡 1^Small Fey Death 1.ogg,
\SFX\Basic\Monsters\小型精类生物死亡 2^Small Fey Death 2.ogg,
\SFX\Basic\Monsters\尘埃魔蝠死亡 1^Dust Mephit Death 1.ogg,
\SFX\Basic\Monsters\尘埃魔蝠死亡 2^Dust Mephit Death 2.ogg,
\SFX\Basic\Monsters\岩浆魔蝠死亡 1^Magma Mephit Death 1.ogg,
\SFX\Basic\Monsters\岩浆魔蝠死亡 2^Magma Mephit Death 2.ogg,
\SFX\Basic\Monsters\巨人 (吼叫)^Giant (Yelling).ogg,
\SFX\Basic\Monsters\巨人 (投石)^Giant (Throwing a Rock).ogg,
"\SFX\Basic\Monsters\巨人 (棍棒攻击, 命中)^Giant (Club Attack, Hit).ogg",
"\SFX\Basic\Monsters\巨人 (棍棒攻击, 未命中)^Giant (Club Attack, No Hit).ogg",
\SFX\Basic\Monsters\巨人死亡 1^Giant Death 1.ogg,
\SFX\Basic\Monsters\巨人死亡 2^Giant Death 2.ogg,
\SFX\Basic\Monsters\巨型怪物伏击^Huge Monster Ambush.ogg,
\SFX\Basic\Monsters\巨型怪物咆哮^Huge Monster Growl.ogg,
\SFX\Basic\Monsters\巨型怪物来袭^Huge Monster Coming.ogg,
\SFX\Basic\Monsters\巨型昆虫叮螫^Giant Insect Sting.ogg,
\SFX\Basic\Monsters\巨型昆虫飞过^Giant Insect Flying By.ogg,
\SFX\Basic\Monsters\巨型蜘蛛 (织网)^Giant Spider (Weaving its Web).ogg,
\SFX\Basic\Monsters\巨型蜘蛛^Giant Spider.ogg,
\SFX\Basic\Monsters\巨型蜘蛛接近 (岩石上快速移动)^Giant Spider Approaching (Quickly on Rock).ogg,
\SFX\Basic\Monsters\巨型蜘蛛接近 (岩石上缓慢移动)^Giant Spider Approaching (Slowly on Rock).ogg,
\SFX\Basic\Monsters\巨型蜘蛛接近 (金属上快速移动)^Giant Spider Approaching (Quickly on Metal).ogg,
\SFX\Basic\Monsters\巨型蜘蛛接近 (金属上缓慢移动)^Giant Spider Approaching (Slowly on Metal).ogg,
\SFX\Basic\Monsters\巨大危险来临^Huge Danger Arriving.ogg,
\SFX\Basic\Monsters\巨怪咆哮 1^Troll Roar 1.ogg,
\SFX\Basic\Monsters\巨怪咆哮 2^Troll Roar 2.ogg,
\SFX\Basic\Monsters\巨怪咆哮 3^Troll Roar 3.ogg,
\SFX\Basic\Monsters\巨怪咆哮 4^Troll Roar 4.ogg,
\SFX\Basic\Monsters\巨怪咆哮 5^Troll Roar 5.ogg,
\SFX\Basic\Monsters\巨怪咆哮 6^Troll Roar 6.ogg,
\SFX\Basic\Monsters\巨怪闲置噪音 1^Troll Idle Noises 1.ogg,
\SFX\Basic\Monsters\巨怪闲置噪音 2^Troll Idle Noises 2.ogg,
\SFX\Basic\Monsters\巨怪闲置噪音 3^Troll Idle Noises 3.ogg,
\SFX\Basic\Monsters\巨怪闲置噪音 4^Troll Idle Noises 4.ogg,
\SFX\Basic\Monsters\巨猫头鹰死亡 1^Giant Owl Death 1.ogg,
\SFX\Basic\Monsters\巨秃鹫死亡 1^Giant Vulture Death 1.ogg,
\SFX\Basic\Monsters\巨秃鹫死亡 2^Giant Vulture Death 2.ogg,
\SFX\Basic\Monsters\巨蛇^Gigantic Snake.ogg,
\SFX\Basic\Monsters\巨蠕虫经过^Giant Worm Passing.ogg,
\SFX\Basic\Monsters\巨野猪死亡 1^Giant Boar Death 1.ogg,
\SFX\Basic\Monsters\巨野猪死亡 2^Giant Boar Death 2.ogg,
\SFX\Basic\Monsters\巨麋鹿远处 1^Giant Moose Far 1.ogg,
\SFX\Basic\Monsters\巨麋鹿远处 2^Giant Moose Far 2.ogg,
\SFX\Basic\Monsters\巨齿鲨 (咆哮)^Megalodon (Roaring).ogg,
"\SFX\Basic\Monsters\巨齿鲨 (尾击, 击中木头)^Megalodon (Tail Attack, Hit on Wood).ogg",
"\SFX\Basic\Monsters\巨齿鲨 (尾击, 命中)^Megalodon (Tail Attack, Hit).ogg",
"\SFX\Basic\Monsters\巨齿鲨 (尾击, 未命中)^Megalodon (Tail Attack, No Hit).ogg",
\SFX\Basic\Monsters\巨龙尖啸^Dragon Screech.ogg,
\SFX\Basic\Monsters\巨龙死亡 1^Dragon Death 1.ogg,
\SFX\Basic\Monsters\巨龙死亡 2^Dragon Death 2.ogg,
\SFX\Basic\Monsters\巴洛炎魔死亡 1^Balor Death 1.ogg,
\SFX\Basic\Monsters\巴洛炎魔死亡 2^Balor Death 2.ogg,
\SFX\Basic\Monsters\幼龙咆哮^Dragon Roar Young.ogg,
\SFX\Basic\Monsters\幼龙死亡 1^Young Dragon Death 1.ogg,
\SFX\Basic\Monsters\异怪死亡 1^Aberration Death 1.ogg,
\SFX\Basic\Monsters\异怪死亡 2^Aberration Death 2.ogg,
\SFX\Basic\Monsters\异界宗主^Otherworldy Patron.ogg,
\SFX\Basic\Monsters\怪兽死亡 1^Monstrosity Death 1.ogg,
\SFX\Basic\Monsters\怪兽死亡 2^Monstrosity Death 2.ogg,
\SFX\Basic\Monsters\怪物中型吐息 1^Monster Medium Breath 1.ogg,
\SFX\Basic\Monsters\怪物中型咆哮 1^Monster Medium Roar 1.ogg,
\SFX\Basic\Monsters\怪物受击 10^Monster Hit 10.ogg,
\SFX\Basic\Monsters\怪物受击 11^Monster Hit 11.ogg,
\SFX\Basic\Monsters\怪物受击 12^Monster Hit 12.ogg,
\SFX\Basic\Monsters\怪物受击 13^Monster Hit 13.ogg,
\SFX\Basic\Monsters\怪物受击 14^Monster Hit 14.ogg,
\SFX\Basic\Monsters\怪物受击 15^Monster Hit 15.ogg,
\SFX\Basic\Monsters\怪物受击 16^Monster Hit 16.ogg,
\SFX\Basic\Monsters\怪物受击 17^Monster Hit 17.ogg,
\SFX\Basic\Monsters\怪物受击 18^Monster Hit 18.ogg,
\SFX\Basic\Monsters\怪物受击 19^Monster Hit 19.ogg,
\SFX\Basic\Monsters\怪物受击 1^Monster Hit 1.ogg,
\SFX\Basic\Monsters\怪物受击 20^Monster Hit 20.ogg,
\SFX\Basic\Monsters\怪物受击 21^Monster Hit 21.ogg,
\SFX\Basic\Monsters\怪物受击 2^Monster Hit 2.ogg,
\SFX\Basic\Monsters\怪物受击 3^Monster Hit 3.ogg,
\SFX\Basic\Monsters\怪物受击 4^Monster Hit 4.ogg,
\SFX\Basic\Monsters\怪物受击 5^Monster Hit 5.ogg,
\SFX\Basic\Monsters\怪物受击 6^Monster Hit 6.ogg,
\SFX\Basic\Monsters\怪物受击 7^Monster Hit 7.ogg,
\SFX\Basic\Monsters\怪物受击 8^Monster Hit 8.ogg,
\SFX\Basic\Monsters\怪物受击 9^Monster Hit 9.ogg,
\SFX\Basic\Monsters\怪物恐吓咆哮 1^Monster Intimidating Growl 1.ogg,
\SFX\Basic\Monsters\怪物深沉呻吟 1^Monster Deep Moan 1.ogg,
\SFX\Basic\Monsters\怪物深沉呻吟 2^Monster Deep Moan 2.ogg,
\SFX\Basic\Monsters\怪物深沉呻吟 3^Monster Deep Moan 3.ogg,
\SFX\Basic\Monsters\怪物深沉呻吟 4^Monster Deep Moan 4.ogg,
\SFX\Basic\Monsters\怪物深沉咆哮 1^Monster Deep Growl 1.ogg,
\SFX\Basic\Monsters\怪物深沉咆哮 2^Monster Deep Growl 2.ogg,
\SFX\Basic\Monsters\怪物深沉咆哮 3^Monster Deep Growl 3.ogg,
\SFX\Basic\Monsters\怪物深沉咆哮 4^Monster Deep Growl 4.ogg,
\SFX\Basic\Monsters\怪物深沉咆哮 5^Monster Deep Growl 5.ogg,
\SFX\Basic\Monsters\恐龙尖叫^Dinosaur Screaming.ogg,
\SFX\Basic\Monsters\恐龙行走^Dinosaur Walking.ogg,
\SFX\Basic\Monsters\恶魔用力声 1^Demon Effort 1.ogg,
\SFX\Basic\Monsters\恶魔用力声 2^Demon Effort 2.ogg,
\SFX\Basic\Monsters\恶魔用力声 3^Demon Effort 3.ogg,
\SFX\Basic\Monsters\恶魔痛苦声 1^Demon Pain 1.ogg,
\SFX\Basic\Monsters\成年龙咆哮^Dragon Roar Mature.ogg,
\SFX\Basic\Monsters\战马骷髅死亡 1^Warhorse Skeleton Death 1.ogg,
\SFX\Basic\Monsters\战马骷髅死亡 2^Warhorse Skeleton Death 2.ogg,
\SFX\Basic\Monsters\旧日支配者 (喊叫)^Great Ancient (Shouting).ogg,
\SFX\Basic\Monsters\旧日支配者 (说话)^Great Ancient (Talking).ogg,
\SFX\Basic\Monsters\昆虫类用力声 2^Insectoid Effort 2.ogg,
\SFX\Basic\Monsters\昆虫类用力声 3^Insectoid Effort 3.ogg,
\SFX\Basic\Monsters\昆虫类用力声 4^Insectoid Effort 4.ogg,
\SFX\Basic\Monsters\昆虫类用力声 5^Insectoid Effort 5.ogg,
\SFX\Basic\Monsters\暗影猎犬撕咬 (命中)^Shadow Hound's Bite (Hit).ogg,
\SFX\Basic\Monsters\暗影猎犬撕咬 (未命中)^Shadow Hound's Bite (No Hit).ogg,
\SFX\Basic\Monsters\构装体死亡 1^Construct Death 1.ogg,
\SFX\Basic\Monsters\构装体死亡 2^Construct Death 2.ogg,
\SFX\Basic\Monsters\枭熊^Owlbear.ogg,
\SFX\Basic\Monsters\枭熊死亡 1^Owlbear Death 1.ogg,
\SFX\Basic\Monsters\枭熊死亡 2^Owlbear Death 2.ogg,
\SFX\Basic\Monsters\枭熊死亡 3^Owlbear Death 3.ogg,
\SFX\Basic\Monsters\树人^Treant.ogg,
\SFX\Basic\Monsters\森林之灵^Spirits of the Forest.ogg,
\SFX\Basic\Monsters\植物死亡 1^Plant Death 1.ogg,
\SFX\Basic\Monsters\植物死亡 2^Plant Death 2.ogg,
\SFX\Basic\Monsters\毒气孢子爆炸^Gas Spore Explosion.ogg,
\SFX\Basic\Monsters\气元素死亡 2^Air Elemental Death 2.ogg,
\SFX\Basic\Monsters\气元素死亡 3^Air Elemental Death 3.ogg,
\SFX\Basic\Monsters\气巨灵死亡 1^Djinni Death 1.ogg,
\SFX\Basic\Monsters\气巨灵死亡 2^Djinni Death 2.ogg,
\SFX\Basic\Monsters\气巨灵死亡 3^Djinni Death 3.ogg,
\SFX\Basic\Monsters\水下生物^Underwater Creature.ogg,
\SFX\Basic\Monsters\水元素^Water Elemental.ogg,
\SFX\Basic\Monsters\水元素死亡 1^Water Elemental Death 1.ogg,
\SFX\Basic\Monsters\水元素死亡 2^Water Elemental Death 2.ogg,
\SFX\Basic\Monsters\水元素死亡 3^Water Elemental Death 3.ogg,
\SFX\Basic\Monsters\水元素用力声 1^Water Elemental Effort 1.ogg,
\SFX\Basic\Monsters\水巨灵^Water Genie.ogg,
\SFX\Basic\Monsters\水怪受击 1^Water Monster Hit 1.ogg,
\SFX\Basic\Monsters\沉睡的龙 (循环)^Sleeping Dragon (Loop).ogg,
\SFX\Basic\Monsters\泰拉斯奎巨兽^Tarrasque.ogg,
\SFX\Basic\Monsters\海盗幽灵 (出现)^Ghost Pirate (Appearing).ogg,
"\SFX\Basic\Monsters\海盗幽灵 (攻击, 命中)^Ghost Pirate (Attack, Hit).ogg",
"\SFX\Basic\Monsters\海盗幽灵 (攻击, 未命中)^Ghost Pirate (Attack, no Hit).ogg",
\SFX\Basic\Monsters\火元素^Fire Elemental.ogg,
\SFX\Basic\Monsters\火元素死亡 1^Fire Elemental Death 1.ogg,
\SFX\Basic\Monsters\火元素死亡 2^Fire Elemental Death 2.ogg,
\SFX\Basic\Monsters\火巨灵^Fire Genie.ogg,
\SFX\Basic\Monsters\火巨灵死亡 3^Efreeti Death 3.ogg,
\SFX\Basic\Monsters\熊人死亡 2^Werebear Death 2.ogg,
\SFX\Basic\Monsters\牛头人死亡 1^Minotaur Death 1.ogg,
\SFX\Basic\Monsters\牛头人死亡 2^Minotaur Death 2.ogg,
\SFX\Basic\Monsters\牛头人骷髅死亡 1^Minotaur Skeleton Death 1.ogg,
\SFX\Basic\Monsters\牛头人骷髅死亡 2^Minotaur Skeleton Death 2.ogg,
\SFX\Basic\Monsters\狗头人争吵^Kobolds Arguing.ogg,
\SFX\Basic\Monsters\狮鹫死亡 1^Griffon Death 1.ogg,
\SFX\Basic\Monsters\狮鹫死亡 2^Griffon Death 2.ogg,
\SFX\Basic\Monsters\狮鹫死亡 3^Griffon Death 3.ogg,
\SFX\Basic\Monsters\狼人变身 (女性)^Werewolf Transformation (Female).ogg,
\SFX\Basic\Monsters\狼人变身 (男性)^Werewolf Transformation (Male).ogg,
\SFX\Basic\Monsters\狼人死亡 2^Werewolf Death 2.ogg,
\SFX\Basic\Monsters\狼人死亡 3^Werewolf Death 3.ogg,
\SFX\Basic\Monsters\猛犸象 (尖叫)^Mammoth (Screaming).ogg,
\SFX\Basic\Monsters\猛犸象 (死亡)^Mammoth (Death).ogg,
\SFX\Basic\Monsters\猪恶魔^Hog Demon.ogg,
\SFX\Basic\Monsters\班杜妖尖叫^Banshee Scream.ogg,
\SFX\Basic\Monsters\生物咆哮 1^Creature Growl 1.ogg,
\SFX\Basic\Monsters\生物咆哮 2^Creature Growl 2.ogg,
\SFX\Basic\Monsters\生物尖叫 1^Creature Squeal 1.ogg,
\SFX\Basic\Monsters\生物尖叫 2^Creature Squeal 2.ogg,
\SFX\Basic\Monsters\生物尖叫 3^Creature Squeal 3.ogg,
\SFX\Basic\Monsters\石巨人死亡 1^Stone Giant Death 1.ogg,
\SFX\Basic\Monsters\石巨人死亡 2^Stone Giant Death 2.ogg,
\SFX\Basic\Monsters\石魔像死亡 1^Stone Golem Death 1.ogg,
\SFX\Basic\Monsters\石魔像死亡 2^Stone Golem Death 2.ogg,
\SFX\Basic\Monsters\精类生物死亡 1^Fey Death 1.ogg,
\SFX\Basic\Monsters\精类生物死亡 2^Fey Death 2.ogg,
\SFX\Basic\Monsters\紫虫死亡 1^Purple Worm Death 1.ogg,
\SFX\Basic\Monsters\紫虫死亡 2^Purple Worm Death 2.ogg,
\SFX\Basic\Monsters\缚灵 (短啸)^Wraith (Short Scream).ogg,
\SFX\Basic\Monsters\缚灵 (长啸)^Wraith (Long Scream).ogg,
\SFX\Basic\Monsters\翼手龙 (飞过)^Pterodactyl (Passing By).ogg,
\SFX\Basic\Monsters\老年龙咆哮^Dragon Roar Elder.ogg,
\SFX\Basic\Monsters\肉身魔像死亡 1^Flesh Golem Death 1.ogg,
\SFX\Basic\Monsters\肉身魔像死亡 2^Flesh Golem Death 2.ogg,
\SFX\Basic\Monsters\肉身魔像死亡 3^Flesh Golem Death 3.ogg,
"\SFX\Basic\Monsters\胶质怪 (爆炸, 单次)^Gelatinous Cube (Exploding, One-Shot).ogg",
"\SFX\Basic\Monsters\胶质怪 (移动, 循环)^Gelatinous Cube (Moving, Loop).ogg",
\SFX\Basic\Monsters\蘑菇人^Mushroom Humanoid.ogg,
\SFX\Basic\Monsters\蛙人死亡^Frogling Death.ogg,
\SFX\Basic\Monsters\蜘蛛喷网^Web Spewed By Spider.ogg,
\SFX\Basic\Monsters\蜘蛛毒咬^Spider's Venomous Bite.ogg,
\SFX\Basic\Monsters\蜘蛛群 (循环)^Spider Swarm (Loop).ogg,
\SFX\Basic\Monsters\蝙蝠变身^Bat Transformation.ogg,
\SFX\Basic\Monsters\被囚禁的人类 (循环)^Imprisoned Human (Loop).ogg,
\SFX\Basic\Monsters\被囚禁的灵魂 (循环)^Imprisoned Spirit (Loop).ogg,
\SFX\Basic\Monsters\触手生物^Tentacled Creature.ogg,
\SFX\Basic\Monsters\赭冻怪死亡 1^Ochre Jelly Death 1.ogg,
\SFX\Basic\Monsters\赭冻怪死亡 2^Ochre Jelly Death 2.ogg,
\SFX\Basic\Monsters\软泥怪受击 1^Ooze Hit 1.ogg,
\SFX\Basic\Monsters\软泥怪受击 2^Ooze Hit 2.ogg,
\SFX\Basic\Monsters\软泥怪死亡 1^Ooze Death 1.ogg,
\SFX\Basic\Monsters\软泥怪死亡 2^Ooze Death 2.ogg,
\SFX\Basic\Monsters\软泥怪死亡 3^Ooze Death 3.ogg,
\SFX\Basic\Monsters\软泥怪死亡 4^Ooze Death 4.ogg,
\SFX\Basic\Monsters\软泥怪死亡 5^Ooze Death 5.ogg,
\SFX\Basic\Monsters\软泥怪爆炸^Ooze Explosion.ogg,
\SFX\Basic\Monsters\软泥怪移动 (循环)^Ooze Moving (Loop).ogg,
\SFX\Basic\Monsters\近距离幽灵之声^Ghostly Voice Close.ogg,
\SFX\Basic\Monsters\远古龙死亡 1^Ancient Dragon Death 1.ogg,
\SFX\Basic\Monsters\远古龙死亡 2^Ancient Dragon Death 2.ogg,
\SFX\Basic\Monsters\迷诱魔死亡 1^Glabrezu Death 1.ogg,
\SFX\Basic\Monsters\迷诱魔死亡 2^Glabrezu Death 2.ogg,
\SFX\Basic\Monsters\道 (土巨灵) 死亡 1^Dao Death 1.ogg,
\SFX\Basic\Monsters\道 (土巨灵) 死亡 2^Dao Death 2.ogg,
\SFX\Basic\Monsters\邪魔宗主^Fiend Patron.ogg,
\SFX\Basic\Monsters\邪魔死亡 1^Fiend Death 1.ogg,
\SFX\Basic\Monsters\邪魔死亡 2^Fiend Death 2.ogg,
\SFX\Basic\Monsters\邪魔死亡 3^Fiend Death 3.ogg,
\SFX\Basic\Monsters\醉酒兽人吟游诗人歌唱^Drunk Orc Bard Singing.ogg,
\SFX\Basic\Monsters\野兽死亡 1^Beast Death 1.ogg,
\SFX\Basic\Monsters\野兽死亡 2^Beast Death 2.ogg,
\SFX\Basic\Monsters\野猪人死亡 1^Wereboar Death 1.ogg,
\SFX\Basic\Monsters\铁魔像死亡 1^Iron Golem Death 1.ogg,
\SFX\Basic\Monsters\铁魔像死亡 2^Iron Golem Death 2.ogg,
\SFX\Basic\Monsters\铁魔像死亡 3^Iron Golem Death 3.ogg,
\SFX\Basic\Monsters\隐形潜伏者死亡 1^Invisible Stalker Death 1.ogg,
\SFX\Basic\Monsters\隐形潜伏者死亡 2^Invisible Stalker Death 2.ogg,
\SFX\Basic\Monsters\隐形潜伏者死亡 3^Invisible Stalker Death 3.ogg,
\SFX\Basic\Monsters\雄斯芬克斯死亡 1^Androsphinx Death 1.ogg,
\SFX\Basic\Monsters\雄斯芬克斯死亡 2^Androsphinx Death 2.ogg,
\SFX\Basic\Monsters\雌性巴洛炎魔死亡 1^Female Balor Death 1.ogg,
\SFX\Basic\Monsters\雌性熊人死亡 1^Female Werebear Death 1.ogg,
\SFX\Basic\Monsters\雌性熊人死亡 2^Female Werebear Death 2.ogg,
\SFX\Basic\Monsters\雌性狼人死亡 1^Female Werewolf Death 1.ogg,
\SFX\Basic\Monsters\雌性狼人死亡 2^Female Werewolf Death 2.ogg,
\SFX\Basic\Monsters\雌性石巨人死亡 1^Female Stone Giant Death 1.ogg,
\SFX\Basic\Monsters\雌性石巨人死亡 2^Female Stone Giant Death 2.ogg,
\SFX\Basic\Monsters\雏龙死亡 1^Wyrmling Dragon Death 1.ogg,
\SFX\Basic\Monsters\雏龙死亡 2^Wyrmling Dragon Death 2.ogg,
\SFX\Basic\Monsters\雪人咆哮 (近距离)^Yeti's Growl (Close).ogg,
\SFX\Basic\Monsters\雪人咆哮 (远距离)^Yeti's Growl (Distant).ogg,
\SFX\Basic\Monsters\雪人寒冷凝视^Yeti's Chilling Gaze.ogg,
\SFX\Basic\Monsters\霜狼 (出现)^Frost Wolf (Appearance).ogg,
\SFX\Basic\Monsters\霜狼 (寒冷吐息)^Frost Wolf (Cold Breath).ogg,
"\SFX\Basic\Monsters\霜狼 (撕咬, 命中)^Frost Wolf (Bite, Hit).ogg",
"\SFX\Basic\Monsters\霜狼 (撕咬, 未命中)^Frost Wolf (Bite, No Hit).ogg",
\SFX\Basic\Monsters\风之灵^Spirit of the Wind.ogg,
\SFX\Basic\Monsters\风元素^Wind Elemental.ogg,
\SFX\Basic\Monsters\风巨灵^Wind Genie.ogg,
\SFX\Basic\Monsters\飞剑死亡 1^Flying Sword Death 1.ogg,
\SFX\Basic\Monsters\飞剑死亡 2^Flying Sword Death 2.ogg,
\SFX\Basic\Monsters\飞剑死亡 3^Flying Sword Death 3.ogg,
\SFX\Basic\Monsters\食人魔僵尸死亡 1^Ogre Zombie Death 1.ogg,
\SFX\Basic\Monsters\食人魔僵尸死亡 2^Ogre Zombie Death 2.ogg,
\SFX\Basic\Monsters\食草生物^Grazer Creature.ogg,
\SFX\Basic\Monsters\骏鹰死亡 1^Hippogriff Death 1.ogg,
\SFX\Basic\Monsters\骏鹰死亡 2^Hippogriff Death 2.ogg,
\SFX\Basic\Monsters\骷髅战士倒下^Skeleton Warrior Collapsing.ogg,
\SFX\Basic\Monsters\骷髅战士移动^Skeleton Warrior Moving.ogg,
\SFX\Basic\Monsters\骷髅死亡 1^Skeleton Death 1.ogg,
\SFX\Basic\Monsters\骷髅死亡 2^Skeleton Death 2.ogg,
\SFX\Basic\Monsters\骷髅死亡 3^Skeleton Death 3.ogg,
\SFX\Basic\Monsters\高强度龙咆哮 1^Dragon Roar High Intensity 1.ogg,
\SFX\Basic\Monsters\鬣狗层叠音效 (反向)^Hyenas Layer Rev.ogg,
\SFX\Basic\Monsters\鬣狗层叠音效^Hyenas Layer.ogg,
\SFX\Basic\Monsters\魔鬼低笑 1^Devil Laugh Low 1.ogg,
\SFX\Basic\Monsters\魔鬼低笑 2^Devil Laugh Low 2.ogg,
\SFX\Basic\Monsters\魔鬼笑声^Devil Laugh.ogg,
\SFX\Basic\Monsters\鹰身女妖死亡 1^Harpy Death 1.ogg,
\SFX\Basic\Monsters\鹰身女妖死亡 2^Harpy Death 2.ogg,
\SFX\Basic\Monsters\鹰身女妖死亡 3^Harpy Death 3.ogg,
\SFX\Basic\Monsters\黏土魔像死亡 1^Clay Golem Death 1.ogg,
\SFX\Basic\Monsters\黏土魔像死亡 2^Clay Golem Death 2.ogg,
\SFX\Basic\Monsters\黏土魔像死亡 3^Clay Golem Death 3.ogg,
\SFX\Basic\Music\八音盒 1^Music Box 1.ogg,
\SFX\Basic\Music\吟游诗人摇篮曲 (小提琴)^Bard's Lullaby (Fiddle).ogg,
\SFX\Basic\Music\吟游诗人摇篮曲 (扬琴)^Bard's Lullaby (Dulcimer).ogg,
\SFX\Basic\Music\大键琴 (正确)^Harpsichord Right.ogg,
\SFX\Basic\Music\大键琴 (错误)^Harpsichord Wrong.ogg,
\SFX\Basic\Music\弦乐器调音 (循环)^String Instrument Tuning (Loop).ogg,
\SFX\Basic\Music\最终 BOSS 演奏管风琴^BBEG Playing Organ.ogg,
"\SFX\Basic\Music\水手号子 (循环, 人声)^Sea Shanty (Loop, Voice).ogg",
"\SFX\Basic\Music\水手号子 (循环, 手风琴)^Sea Shanty (Loop, Accordion).ogg",
"\SFX\Basic\Music\水手号子 (循环, 手风琴与人声)^Sea Shanty (Loop, Accordion and Voice).ogg",
\SFX\Basic\Music\神秘尺八^Shakuhachi Mysterious.ogg,
\SFX\Basic\Music\神秘阿拉伯长笛 1^Arabian Flute Mysterious 1.ogg,
\SFX\Basic\Music\神秘阿拉伯长笛 2^Arabian Flute Mysterious 2.ogg,
\SFX\Basic\Music\神秘阿拉伯长笛 3^Arabian Flute Mysterious 3.ogg,
\SFX\Basic\Music\管风琴旋律^Organ Melody.ogg,
\SFX\Basic\Music\锣与长笛^Gong With Flute.ogg,
\SFX\Basic\Music\雪绒花八音盒^Edelweiss Music Box.ogg,
\SFX\Basic\Music\魔法竖琴^Magic Harp.ogg,
\SFX\Basic\People\人类受击 1^Human Hit 1.ogg,
\SFX\Basic\People\人类受击 2^Human Hit 2.ogg,
\SFX\Basic\People\人类死亡 1^Human Death 1.ogg,
\SFX\Basic\People\人类死亡 2^Human Death 2.ogg,
\SFX\Basic\People\人类死亡 3^Human Death 3.ogg,
\SFX\Basic\People\人类死亡 4^Human Death 4.ogg,
\SFX\Basic\People\人类死亡 5^Human Death 5.ogg,
\SFX\Basic\People\人类死亡 6^Human Death 6.ogg,
\SFX\Basic\People\人类死亡 7^Human Death 7.ogg,
\SFX\Basic\People\人类死亡 8^Human Death 8.ogg,
\SFX\Basic\People\人群喝彩^Crowd Applause.ogg,
\SFX\Basic\People\人群鼓掌^Crowd Clapping.ogg,
\SFX\Basic\People\低音调类人生物受击 1^Low Pitched Humanoid Hit 1.ogg,
\SFX\Basic\People\低音调类人生物受击 2^Low Pitched Humanoid Hit 2.ogg,
\SFX\Basic\People\低音调类人生物死亡 1^Low Pitched Humanoid Death 1.ogg,
\SFX\Basic\People\低音调类人生物死亡 2^Low Pitched Humanoid Death 2.ogg,
\SFX\Basic\People\低音调类人生物死亡 3^Low Pitched Humanoid Death 3.ogg,
\SFX\Basic\People\低音调类人生物死亡 4^Low Pitched Humanoid Death 4.ogg,
\SFX\Basic\People\低音调类人生物死亡 5^Low Pitched Humanoid Death 5.ogg,
\SFX\Basic\People\低音调类人生物死亡 6^Low Pitched Humanoid Death 6.ogg,
\SFX\Basic\People\元素艺术工坊^Elemental Art Workshop.ogg,
\SFX\Basic\People\咀嚼 1^Chewing 1.ogg,
"\SFX\Basic\People\咒语吟唱 (短, 女性)^Incantation (Short, Female).ogg",
"\SFX\Basic\People\咒语吟唱 (短, 男性)^Incantation (Short, Male).ogg",
"\SFX\Basic\People\咒语吟唱 (长, 女性)^Incantation (Long, Female).ogg",
"\SFX\Basic\People\咒语吟唱 (长, 男性)^Incantation (Long, Male).ogg",
\SFX\Basic\People\备餐^Meal Preparation.ogg,
\SFX\Basic\People\奔跑后沉重呼吸 (循环)^Heavy Breathing After Running (Loop).ogg,
\SFX\Basic\People\女人呼吸恐慌加剧 (循环)^Woman Breath Growing Panic (Loop).ogg,
\SFX\Basic\People\女人打鼾 (循环)^Woman Snoring (Loop).ogg,
\SFX\Basic\People\女人读书^Woman Reading a Book.ogg,
\SFX\Basic\People\女兽人用力声 1^Female Orc Effort 1.ogg,
\SFX\Basic\People\女兽人用力声 2^Female Orc Effort 2.ogg,
\SFX\Basic\People\女兽人用力声 3^Female Orc Effort 3.ogg,
\SFX\Basic\People\女兽人用力声 4^Female Orc Effort 4.ogg,
\SFX\Basic\People\女兽人用力声 5^Female Orc Effort 5.ogg,
\SFX\Basic\People\女巨人用力声 1^Female Giant Effort 1.ogg,
\SFX\Basic\People\女巨人用力声 2^Female Giant Effort 2.ogg,
\SFX\Basic\People\女巨人用力声 3^Female Giant Effort 3.ogg,
\SFX\Basic\People\女巨人用力声 4^Female Giant Effort 4.ogg,
\SFX\Basic\People\女性咳嗽 (循环)^Female Coughing (Loop).ogg,
\SFX\Basic\People\女性咳嗽 1^Cough Female 1.ogg,
\SFX\Basic\People\女性咳嗽 1^Female Cough 1.ogg,
\SFX\Basic\People\女性咳嗽 2^Cough Female 2.ogg,
\SFX\Basic\People\女性咳嗽 2^Female Cough 2.ogg,
\SFX\Basic\People\女性咳嗽 3^Female Cough 3.ogg,
\SFX\Basic\People\女性喘息 1^Female Panting 1.ogg,
\SFX\Basic\People\女性尖叫 1^Female Scream 1.ogg,
\SFX\Basic\People\女性用力声 1^Female Effort 1.ogg,
\SFX\Basic\People\女性用力声 2^Female Effort 2.ogg,
\SFX\Basic\People\女性用力声 3^Female Effort 3.ogg,
\SFX\Basic\People\女性用力声 4^Female Effort 4.ogg,
\SFX\Basic\People\婴儿啼哭 1^Infant Whines 1.ogg,
"\SFX\Basic\People\宇宙仪式 (低语, 循环)^Cosmic Ritual (Whispered, loop).ogg",
"\SFX\Basic\People\宇宙仪式 (教堂内大声, 循环)^Cosmic Ritual (Aloud in a church, loop).ogg",
\SFX\Basic\People\恐惧的男性沉重呼吸 1^Heavy Breathing Scared Male 1.ogg,
\SFX\Basic\People\打哈欠 1^Yawn 1.ogg,
\SFX\Basic\People\打哈欠 2^Yawn 2.ogg,
\SFX\Basic\People\打哈欠 3^Yawn 3.ogg,
\SFX\Basic\People\打哈欠 4^Yawn 4.ogg,
\SFX\Basic\People\打嗝 1^Burp 1.ogg,
\SFX\Basic\People\打嗝 2^Burp 2.ogg,
\SFX\Basic\People\打嗝 3^Burp 3.ogg,
\SFX\Basic\People\打嗝 4^Burp 4.ogg,
\SFX\Basic\People\打嗝带混响 1^Burp With Reverb 1.ogg,
\SFX\Basic\People\探索裂隙^Exploring the Rifts.ogg,
\SFX\Basic\People\放屁 1^Fart 1.ogg,
\SFX\Basic\People\放屁 2^Fart 2.ogg,
\SFX\Basic\People\放屁 3^Fart 3.ogg,
\SFX\Basic\People\放屁 4^Fart 4.ogg,
\SFX\Basic\People\放屁 5^Fart 5.ogg,
\SFX\Basic\People\沉重呼吸 1^Heavy Breathing 1.ogg,
\SFX\Basic\People\沉重呼吸 2^Heavy Breathing 2.ogg,
\SFX\Basic\People\深沉打嗝 1^Deep Burp 1.ogg,
\SFX\Basic\People\火车抵达学校^Train Arriving at School.ogg,
\SFX\Basic\People\灵魂交谈 (循环)^Spirits Talking (Loop).ogg,
\SFX\Basic\People\点饮料^Ordering a Drink.ogg,
\SFX\Basic\People\男人上厕所小便^Man Urinates in the Toilet.ogg,
\SFX\Basic\People\男人呕吐 1^Man Vomiting 1.ogg,
\SFX\Basic\People\男人呕吐 2^Man Vomiting 2.ogg,
\SFX\Basic\People\男人喝酒 (循环)^Man Drinking (Loop).ogg,
\SFX\Basic\People\男人垂死 1^Man Dying 1.ogg,
\SFX\Basic\People\男人擤鼻涕 1^Man Blowing His Nose 1.ogg,
\SFX\Basic\People\男人擤鼻涕 2^Man Blowing His Nose 2.ogg,
\SFX\Basic\People\男人窒息^Man Choking.ogg,
\SFX\Basic\People\男人读书^Man Reading a Book.ogg,
\SFX\Basic\People\男性咳嗽 1^Caugh Male 1.ogg,
\SFX\Basic\People\男性咳嗽 1^Cough Male 1.ogg,
\SFX\Basic\People\男性咳嗽 2^Cough Male 2.ogg,
\SFX\Basic\People\男性咳嗽 3^Cough Male 3.ogg,
\SFX\Basic\People\男性咳嗽 4^Cough Male 4.ogg,
\SFX\Basic\People\男性咳嗽 5^Cough Male 5.ogg,
\SFX\Basic\People\男性咳嗽 6^Cough Male 6.ogg,
\SFX\Basic\People\男性战吼 1^Male War Cry 1.ogg,
\SFX\Basic\People\男性战吼 2^Male War Cry 2.ogg,
\SFX\Basic\People\男性战吼 3^Male War Cry 3.ogg,
\SFX\Basic\People\神秘商人马车^Enigmatic Merchant Cart.ogg,
\SFX\Basic\People\类人生物死亡 1^Humanoid Death 1.ogg,
\SFX\Basic\People\类人生物死亡 2^Humanoid Death 2.ogg,
\SFX\Basic\People\类人生物死亡 3^Humanoid Death 3.ogg,
\SFX\Basic\People\考试作弊^Cheating at the Exam.ogg,
\SFX\Basic\People\艺术生才艺展示^Art Students at the Talent Show.ogg,
\SFX\Basic\People\虚弱男子战吼 1^Weak Man War Cry 1.ogg,
\SFX\Basic\People\身体倒地 (轻)^Body Fall (Light).ogg,
\SFX\Basic\People\身体倒地 (重)^Body Fall (Heavy).ogg,
\SFX\Basic\People\身体倒地 1^Body Fall 1.ogg,
\SFX\Basic\People\身体倒地 2^Body Fall 2.ogg,
\SFX\Basic\People\进入火车车厢^Entering the Train's Cabin.ogg,
"\SFX\Basic\People\进食 (得体, 循环)^Eating (Properly, Loop).ogg",
"\SFX\Basic\People\进食 (狼藉, 循环)^Eating (Messy, Loop).ogg",
\SFX\Basic\People\高音调类人生物死亡 1^High Pitched Humanoid Death 1.ogg,
\SFX\Basic\People\高音调类人生物死亡 2^High Pitched Humanoid Death 2.ogg,
\SFX\Basic\People\高音调类人生物死亡 3^High Pitched Humanoid Death 3.ogg,
\SFX\Basic\People\高音调类人生物死亡 4^High Pitched Humanoid Death 4.ogg,
\SFX\Basic\People\黑暗商人入场^Dark Merchant Enter.ogg,
\SFX\Basic\Rocks\向湖中投掷石块 (循环)^Throwing Rocks in Lake (Loop).ogg,
\SFX\Basic\Rocks\墓碑^Tombstone.ogg,
\SFX\Basic\Rocks\大型山体滑坡 1^Large Landslide 1.ogg,
\SFX\Basic\Rocks\大型山体滑坡 2^Large Landslide 2.ogg,
\SFX\Basic\Rocks\小型山体滑坡^Small Landslide.ogg,
\SFX\Basic\Rocks\岩石掉落 1^Rock Falling 1.ogg,
\SFX\Basic\Rocks\岩石溅水 1^Rock Splash 1.ogg,
\SFX\Basic\Rocks\悦耳的岩石滑落 1^Melodic Rock Slide 1.ogg,
\SFX\Basic\Rocks\悦耳的岩石滑落 2^Melodic Rock Slide 2.ogg,
\SFX\Basic\Rocks\推开沉重石门^Pushing Open Heavy Stone Door.ogg,
\SFX\Basic\Rocks\深处岩石掉落^Rock Falling Deep.ogg,
\SFX\Basic\Rocks\滚石 1^Stones Rolling Down 1.ogg,
\SFX\Basic\Rocks\滚石 2^Stones Rolling Down 2.ogg,
\SFX\Basic\Rocks\滚石 3^Stones Rolling Down 3.ogg,
\SFX\Basic\Rocks\滚石 4^Stones Rolling Down 4.ogg,
\SFX\Basic\Rocks\滚石 5^Stones Rolling Down 5.ogg,
\SFX\Basic\Rocks\滚石 6^Stones Rolling Down 6.ogg,
\SFX\Basic\Rocks\石头移动 1^Stone Moving 1.ogg,
\SFX\Basic\Rocks\石头移动短 1^Stone Moving Short 1.ogg,
\SFX\Basic\Rocks\石头移动长 1^Stone Moving Long 1.ogg,
\SFX\Basic\Rocks\石板撞击 1^Stone Slab Impact 1.ogg,
\SFX\Basic\Rocks\石棺打开 2^Sarcophagus Open 2.ogg,
\SFX\Basic\Rocks\石棺打开 3^Sarcophagus Open 3.ogg,
\SFX\Basic\Rocks\石棺打开^Sarcophagus Open.ogg,
\SFX\Basic\Rocks\石棺打开带人声^Sarcophagus Open With Voice.ogg,
\SFX\Basic\Rocks\碎石大撞击 1^Rubble Large Impact 1.ogg,
\SFX\Basic\Rocks\碎石大撞击 2^Rubble Large Impact 2.ogg,
\SFX\Basic\Rocks\落石入水^Falling Rock In Water.ogg,
\SFX\Basic\Rocks\镐击岩石 (循环)^Pickaxe Striking Rocks (Loop).ogg,
\SFX\Basic\Rocks\镐击岩石深处 (循环)^Pickaxe Striking Rocks Deep (Loop).ogg,
\SFX\Basic\Rocks\鹅卵石掉落 1^Pebbles Falling 1.ogg,
\SFX\Basic\Rocks\鹅卵石掉落 2^Pebbles Falling 2.ogg,
\SFX\Basic\Rocks\鹅卵石掉落带混响 1^Pebbles Falling With Reverb 1.ogg,
\SFX\Basic\Rocks\鹅卵石掉落带混响 2^Pebbles Falling With Reverb 2.ogg,
\SFX\Basic\Rocks\鹅卵石掉落带混响 3^Pebbles Falling With Reverb 3.ogg,
\SFX\Basic\Siege Engines\加农炮击中墙壁^Cannon Hitting Wall.ogg,
\SFX\Basic\Siege Engines\加农炮击中墙壁带溅射^Cannon Hitting Wall With Splash.ogg,
\SFX\Basic\Siege Engines\加农炮击中船只近距离^Cannon Hit Ship Close.ogg,
\SFX\Basic\Siege Engines\加农炮射击 (远距离)^Cannon Shot (Far).ogg,
\SFX\Basic\Siege Engines\加农炮射击^Cannon Shot.ogg,
\SFX\Basic\Siege Engines\加农炮射击带引信^Cannon Shot With Fuse.ogg,
\SFX\Basic\Siege Engines\加农炮射击近距离^Cannon Shoot Close.ogg,
\SFX\Basic\Siege Engines\加农炮未击中船只^Cannon Missing Ship.ogg,
\SFX\Basic\Siege Engines\加农炮瞄准^Cannon Aiming.ogg,
\SFX\Basic\Siege Engines\固定炮旋转^Fixed Cannon Rotating.ogg,
\SFX\Basic\Siege Engines\弩炮射击 (远距离)^Ballista Shot (Far).ogg,
\SFX\Basic\Siege Engines\弩炮射击^Ballista Fire Shot.ogg,
\SFX\Basic\Siege Engines\弩炮射击^Ballista Shot.ogg,
\SFX\Basic\Siege Engines\弩炮射击并装填^Ballista Fire Shot And Reload.ogg,
\SFX\Basic\Siege Engines\弩炮射击并装填^Ballista Shot And Reload.ogg,
\SFX\Basic\Siege Engines\弩炮装填^Ballista Reload.ogg,
\SFX\Basic\Siege Engines\投石车射击 (远距离)^Catapult Shot (Far).ogg,
\SFX\Basic\Siege Engines\投石车射击^Catapult Fire Shot.ogg,
\SFX\Basic\Siege Engines\投石车射击^Catapult Shot.ogg,
\SFX\Basic\Siege Engines\投石车射击并装填^Catapult Fire Shot and Reload.ogg,
\SFX\Basic\Siege Engines\投石车射击并装填^Catapult Shot and Reload.ogg,
\SFX\Basic\Siege Engines\投石车长装填^Catapult Long Reload.ogg,
\SFX\Basic\Siege Engines\攻城器械移动 (循环)^Siege Engine Moving (Loop).ogg,
\SFX\Basic\Siege Engines\攻城塔移动 (循环)^Siege Tower Moving (Loop).ogg,
\SFX\Basic\Siege Engines\攻城塔跳板^Siege Tower Gangplank.ogg,
\SFX\Basic\Siege Engines\攻城锤单次撞击^Battering Ram Single Strike.ogg,
\SFX\Basic\Siege Engines\攻城锤撞击 (循环)^Battering Ram Striking (Loop).ogg,
\SFX\Basic\Siege Engines\炮弹击中船只内部^Cannonball Hitting Ship Interior.ogg,
\SFX\Basic\Siege Engines\神机箭   火车射击 (远距离)^Hwacha Shot (Far).ogg,
\SFX\Basic\Siege Engines\神机箭  火车射击^Hwacha Shot.ogg,
\SFX\Basic\Siege Engines\神机箭  火车射击带引信^Hwacha Shot With Fuse.ogg,
\SFX\Basic\Siege Engines\臼炮射击 (远距离)^Mortar Shot (Far).ogg,
\SFX\Basic\Siege Engines\臼炮射击^Mortar Shot.ogg,
\SFX\Basic\Siege Engines\臼炮射击带引信^Mortar Shot With Fuse.ogg,
\SFX\Basic\Siege Engines\配重投石机射击 (远距离)^Trebuchet Shot (Far).ogg,
\SFX\Basic\Siege Engines\配重投石机射击^Trebuchet Fire Shot.ogg,
\SFX\Basic\Siege Engines\配重投石机射击^Trebuchet Shot.ogg,
\SFX\Basic\Siege Engines\配重投石机射击并装填^Trebuchet Fire Shot And Reload.ogg,
\SFX\Basic\Siege Engines\配重投石机射击并装填^Trebuchet Shot And Reload.ogg,
\SFX\Basic\Siege Engines\配重投石机装填^Trebuchet Reload.ogg,
\SFX\Basic\Siege Engines\风琴炮^Organ Gun.ogg,
\SFX\Basic\Siege Engines\风琴炮射击 (远距离)^Organ Gun Shot (Far).ogg,
\SFX\Basic\Siege Engines\风琴炮带引信^Organ Gun With Fuse.ogg,
\SFX\Basic\Spells\不灭明焰^Continual Flame.ogg,
\SFX\Basic\Spells\不谐低语 1^Dissonant Whispers 1.ogg,
\SFX\Basic\Spells\不谐低语 2^Dissonant Whispers 2.ogg,
\SFX\Basic\Spells\不谐低语 3^Dissonant Whispers 3.ogg,
\SFX\Basic\Spells\不谐低语 4^Dissonant Whispers 4.ogg,
\SFX\Basic\Spells\乌鸦变形^Raven Transformation.ogg,
\SFX\Basic\Spells\亡者丧钟^Toll the Dead.ogg,
\SFX\Basic\Spells\交友术^Friends.ogg,
\SFX\Basic\Spells\任意门^Dimension Door.ogg,
\SFX\Basic\Spells\伏击猎物^Ambush Prey.ogg,
\SFX\Basic\Spells\众神殿堂^Temple of the Gods.ogg,
\SFX\Basic\Spells\传讯术^Message.ogg,
\SFX\Basic\Spells\传送术^Teleportation.ogg,
\SFX\Basic\Spells\传送法术^Teleportation Spell.ogg,
\SFX\Basic\Spells\传送法阵^Teleportation Circle.ogg,
\SFX\Basic\Spells\侦测魔法^Detect Magic.ogg,
\SFX\Basic\Spells\信仰守卫^Guardian Of Faith.ogg,
\SFX\Basic\Spells\修复术 1^Mending 1.ogg,
\SFX\Basic\Spells\修复术 2^Mending 2.ogg,
\SFX\Basic\Spells\假死术^Feign Death.ogg,
\SFX\Basic\Spells\催眠图纹^Hypnotic Pattern.ogg,
\SFX\Basic\Spells\元素主义^Elementalism.ogg,
\SFX\Basic\Spells\元素克星^Elemental Bane.ogg,
\SFX\Basic\Spells\元素武器^Elemental Weapon.ogg,
\SFX\Basic\Spells\再生术^Regenerate.ogg,
\SFX\Basic\Spells\冰上行走^Ice Walk.ogg,
\SFX\Basic\Spells\冰冻法球^Freezing Sphere.ogg,
\SFX\Basic\Spells\冰刃^Ice Knife.ogg,
\SFX\Basic\Spells\冰块破碎^Ice Block Broken.ogg,
\SFX\Basic\Spells\冰墙术^Ice Wall.ogg,
\SFX\Basic\Spells\冰爆^Ice Explosion.ogg,
\SFX\Basic\Spells\冰霜法术祈唤 - 短循环 (Patreon 独占)^Frost Spell Invocation - Short Loops Patreon Exclusive.ogg,
\SFX\Basic\Spells\冰风暴^Ice Storm.ogg,
\SFX\Basic\Spells\冰飞弹^Ice Missile.ogg,
\SFX\Basic\Spells\冻寒之触^Frostbite.ogg,
\SFX\Basic\Spells\净化^Purify.ogg,
\SFX\Basic\Spells\净化饮食^Purify Food and Drink.ogg,
\SFX\Basic\Spells\凋死术^Horrid Wilting.ogg,
\SFX\Basic\Spells\分解 1^Decompose 1.ogg,
\SFX\Basic\Spells\分解 2^Decompose 2.ogg,
\SFX\Basic\Spells\分解 3^Decompose 3.ogg,
\SFX\Basic\Spells\创造人造人^Create Homunculus.ogg,
\SFX\Basic\Spells\创造篝火^Create Bonfire.ogg,
\SFX\Basic\Spells\创造饮食^Create Food And Water.ogg,
\SFX\Basic\Spells\剑刃护壁^Blade Barrier.ogg,
\SFX\Basic\Spells\剑刃爆发^Sword Burst.ogg,
\SFX\Basic\Spells\剑刃防护^Blade Ward.ogg,
\SFX\Basic\Spells\力场监牢 (循环)^Forcecage (Loop).ogg,
\SFX\Basic\Spells\力场监牢 (施法)^Forcecage Cast.ogg,
\SFX\Basic\Spells\加速术^Haste Spell.ogg,
\SFX\Basic\Spells\动物交谈   化兽为友^Animal Friendship.ogg,
\SFX\Basic\Spells\动物交谈^Speak With Animals.ogg,
\SFX\Basic\Spells\动物信使^Animal Messenger.ogg,
\SFX\Basic\Spells\动物形态^Animal Shapes.ogg,
\SFX\Basic\Spells\匕首之云^Cloud Of Daggers.ogg,
\SFX\Basic\Spells\医疗术^Heal.ogg,
\SFX\Basic\Spells\十字军披风^Crusader's Mantle.ogg,
\SFX\Basic\Spells\占卜术^Augury.ogg,
\SFX\Basic\Spells\印记斩^Branding Smite.ogg,
\SFX\Basic\Spells\原初防护^Primordial Ward.ogg,
\SFX\Basic\Spells\原始野性^Primal Savagery.ogg,
\SFX\Basic\Spells\反重力^Reverse Gravity.ogg,
\SFX\Basic\Spells\反魔法场^Antimagic Field.ogg,
\SFX\Basic\Spells\变巨   缩小术^Enlarge Reduce.ogg,
\SFX\Basic\Spells\变形^Transformation.ogg,
\SFX\Basic\Spells\变身术^Alter Self.ogg,
\SFX\Basic\Spells\召唤不死生物^Summon Undead.ogg,
\SFX\Basic\Spells\召唤不死生物^Undead Summon.ogg,
\SFX\Basic\Spells\召唤低阶恶魔^Summon Lesser Demons.ogg,
\SFX\Basic\Spells\召唤元素^Conjure Elemental.ogg,
\SFX\Basic\Spells\召唤元素^Summon Elemental.ogg,
\SFX\Basic\Spells\召唤动物^Conjure Animals.ogg,
\SFX\Basic\Spells\召唤天界生物^Conjure Celestial.ogg,
\SFX\Basic\Spells\召唤天界生物^Summon Celestial.ogg,
\SFX\Basic\Spells\召唤异怪^Summon Aberration.ogg,
\SFX\Basic\Spells\召唤弹幕^Conjure Barrage.ogg,
\SFX\Basic\Spells\召唤构装体^Summon Construct.ogg,
\SFX\Basic\Spells\召唤林地及其存在^Conjure Woodland Beings.ogg,
\SFX\Basic\Spells\召唤次级元素^Conjure Minor Elementals.ogg,
\SFX\Basic\Spells\召唤精类^Conjure Fey.ogg,
\SFX\Basic\Spells\召唤野兽^Summon Beast.ogg,
\SFX\Basic\Spells\召唤阴影衍体 2^Summon Shadowspawn 2.ogg,
\SFX\Basic\Spells\召唤阴影衍体^Summon Shadowspawn.ogg,
\SFX\Basic\Spells\召唤雷电 1^Calling Thunder 1.ogg,
\SFX\Basic\Spells\召唤高阶恶魔^Summon Greater Demon.ogg,
\SFX\Basic\Spells\吸收元素^Absorb Elements.ogg,
\SFX\Basic\Spells\命令术 1^Command 1.ogg,
\SFX\Basic\Spells\命令术 2^Command 2.ogg,
\SFX\Basic\Spells\和风打击^Zephyr Strike.ogg,
\SFX\Basic\Spells\哈达之欲^Hunger Of Hadar.ogg,
\SFX\Basic\Spells\哈达之臂 2^Arms of Hadar 2.ogg,
\SFX\Basic\Spells\哈达之臂^Arms of Hadar.ogg,
\SFX\Basic\Spells\回避侦测^Nondetection.ogg,
\SFX\Basic\Spells\困惑术^Confusion.ogg,
\SFX\Basic\Spells\土石之握^Earthen Grasp.ogg,
\SFX\Basic\Spells\土系法术撞击 1^Earth Spell Impact 1.ogg,
\SFX\Basic\Spells\圣洁灵光^Holy Aura.ogg,
\SFX\Basic\Spells\圣言^Divine Word.ogg,
\SFX\Basic\Spells\地狱叱喝 1^Hellish Rebuke 1.ogg,
\SFX\Basic\Spells\地狱叱喝 2^Hellish Rebuke 2.ogg,
\SFX\Basic\Spells\地缚术^Earthbind.ogg,
\SFX\Basic\Spells\地震术^Earthquake Spell.ogg,
\SFX\Basic\Spells\塑水术 2^Shape Water 2.ogg,
\SFX\Basic\Spells\塑水术^Shape Water.ogg,
\SFX\Basic\Spells\塑石术^Stone Shape.ogg,
\SFX\Basic\Spells\塑风术^Gust.ogg,
\SFX\Basic\Spells\增益法术 1^Buff Spell 1.ogg,
\SFX\Basic\Spells\增益法术 2^Buff Spell 2.ogg,
\SFX\Basic\Spells\增益法术 3^Buff Spell 3.ogg,
\SFX\Basic\Spells\增益法术 4^Buff Spell 4.ogg,
\SFX\Basic\Spells\复活术^Resurrection.ogg,
\SFX\Basic\Spells\大地颤动^Earth Tremor.ogg,
\SFX\Basic\Spells\大型法术撞击 1^Large Spell Impact 1.ogg,
\SFX\Basic\Spells\大怪物召唤^Big Monster Summon.ogg,
\SFX\Basic\Spells\大火球施法^Big Fire Cast.ogg,
\SFX\Basic\Spells\太阳射线 (短)^Solar Ray (Short).ogg,
\SFX\Basic\Spells\太阳射线 (长)^Solar Ray (Long).ogg,
\SFX\Basic\Spells\奥术师的魔法灵光^Arcanist's Magic Aura.ogg,
\SFX\Basic\Spells\奥术活力^Arcane Vigor.ogg,
\SFX\Basic\Spells\妖火 (循环)^Faerie Fire (Loop).ogg,
\SFX\Basic\Spells\嫌恶   偏好术^Antipathy Sympathy.ogg,
\SFX\Basic\Spells\守卫刻纹^Glyph Of Warding.ogg,
\SFX\Basic\Spells\守卫结界^Guards And Wards.ogg,
\SFX\Basic\Spells\定身人类^Hold Person.ogg,
\SFX\Basic\Spells\定身怪物^Hold Monster.ogg,
\SFX\Basic\Spells\定身法术 1^Hold Spell 1.ogg,
\SFX\Basic\Spells\定身法术 2^Hold Spell 2.ogg,
\SFX\Basic\Spells\寒冰之形^Investiture of Ice.ogg,
\SFX\Basic\Spells\寒冰射线 1^Ray of Frost 1.ogg,
\SFX\Basic\Spells\寒冰射线 2^Ray of Frost 2.ogg,
\SFX\Basic\Spells\寒冰护盾法术^Ice Shield Spell.ogg,
\SFX\Basic\Spells\寒冰法术撞击 1^Ice Spell Impact 1.ogg,
\SFX\Basic\Spells\寒冰锥^Cone Of Cold.ogg,
\SFX\Basic\Spells\寒冷吐息^Cold Breath.ogg,
\SFX\Basic\Spells\寒冷色度球^Chromatic Orb Cold.ogg,
\SFX\Basic\Spells\寒颤之触^Chill Touch.ogg,
\SFX\Basic\Spells\寻找捷径^Find The Path.ogg,
\SFX\Basic\Spells\寻找陷阱^Find Traps.ogg,
\SFX\Basic\Spells\寻获坐骑^Find Steed.ogg,
\SFX\Basic\Spells\寻获高等坐骑^Find Greater Steed.ogg,
\SFX\Basic\Spells\寻获魔宠^Find Familiar.ogg,
\SFX\Basic\Spells\尘卷风^Dust Devil.ogg,
\SFX\Basic\Spells\岩浆池喷发^Magma Pool Eruption.ogg,
\SFX\Basic\Spells\岩石之形^Investiture of Stone.ogg,
\SFX\Basic\Spells\巨虫术^Giant Insect.ogg,
\SFX\Basic\Spells\希望道标^Beacon of Hope.ogg,
\SFX\Basic\Spells\带电软泥怪法术^Electric Ooze Spell.ogg,
\SFX\Basic\Spells\幻影巨龙^Illusory Dragon.ogg,
\SFX\Basic\Spells\幻景^Mirage Arcane.ogg,
\SFX\Basic\Spells\幽影及身^Spirit Shroud.ogg,
\SFX\Basic\Spells\开锁法术^Door Unlocking Spell.ogg,
\SFX\Basic\Spells\异界之门 2^Gate 2.ogg,
\SFX\Basic\Spells\异界之门^Gate.ogg,
\SFX\Basic\Spells\异界誓盟^Planar Ally.ogg,
\SFX\Basic\Spells\弱智术^Feeblemind.ogg,
\SFX\Basic\Spells\弹力法球^Resilient Sphere.ogg,
\SFX\Basic\Spells\强化属性^Enhance Ability.ogg,
\SFX\Basic\Spells\强效幻影^Major Image.ogg,
\SFX\Basic\Spells\强迫对决 1^Compelled Duel 1.ogg,
\SFX\Basic\Spells\强迫对决 2^Compelled Duel 2.ogg,
\SFX\Basic\Spells\强迫对决 3^Compelled Duel 3.ogg,
\SFX\Basic\Spells\强迫术^Compulsion.ogg,
\SFX\Basic\Spells\强酸吐息^Acid Breath.ogg,
\SFX\Basic\Spells\强酸法术命中 1^Acid Spell Hit 1.ogg,
\SFX\Basic\Spells\强酸箭^Acid Arrow.ogg,
\SFX\Basic\Spells\强酸色度球^Chromatic Orb Acid.ogg,
\SFX\Basic\Spells\归返真言^Word of Recall.ogg,
\SFX\Basic\Spells\形体变化^Shapechange.ogg,
\SFX\Basic\Spells\律令医疗^Power Word Heal.ogg,
\SFX\Basic\Spells\律令死亡^Power Word Kill.ogg,
\SFX\Basic\Spells\律令痛苦^Power Word Pain.ogg,
\SFX\Basic\Spells\律令震慑^Power Word Stun.ogg,
\SFX\Basic\Spells\微流星^Minute Meteors.ogg,
\SFX\Basic\Spells\德鲁伊伎俩 天气^Druidcraft Weather.ogg,
\SFX\Basic\Spells\德鲁伊伎俩 开花^Druidcraft Blossom.ogg,
\SFX\Basic\Spells\德鲁伊伎俩 点火^Druidcraft Light Fire.ogg,
\SFX\Basic\Spells\德鲁伊伎俩 熄灭^Druidcraft Snuff out.ogg,
\SFX\Basic\Spells\德鲁伊伎俩^Druidcraft.ogg,
\SFX\Basic\Spells\德鲁伊林地^Druid Grove.ogg,
\SFX\Basic\Spells\徽记术^Symbol.ogg,
\SFX\Basic\Spells\心灵刺爆^Mind Spike.ogg,
\SFX\Basic\Spells\心灵削刺 1^Mind Sliver 1.ogg,
\SFX\Basic\Spells\心灵削刺 2^Mind Sliver 2.ogg,
\SFX\Basic\Spells\心灵尖啸^Psychic Scream.ogg,
\SFX\Basic\Spells\心灵屏障^Mind Blank.ogg,
\SFX\Basic\Spells\心灵感应^Telepathy.ogg,
\SFX\Basic\Spells\心灵监狱^Mental Prison.ogg,
\SFX\Basic\Spells\心灵联结^Telepathic Bond.ogg,
\SFX\Basic\Spells\心灵鞭^Mind Whip.ogg,
\SFX\Basic\Spells\忠犬^Faithful Hound.ogg,
\SFX\Basic\Spells\恐惧术^Fear.ogg,
\SFX\Basic\Spells\恶心光环^Sickening Radiance.ogg,
\SFX\Basic\Spells\愤怒斩 2^Wrathful Smite 2.ogg,
\SFX\Basic\Spells\愤怒斩 3^Wrathful Smite 3.ogg,
\SFX\Basic\Spells\战士火焰增益^Warrior Fire Buff.ogg,
\SFX\Basic\Spells\战士火焰护盾^Warrior Fire Shield.ogg,
\SFX\Basic\Spells\托梦术^Dream.ogg,
\SFX\Basic\Spells\扭曲现实法术^Bending Reality Spell.ogg,
\SFX\Basic\Spells\护卫之风^Warding Wind.ogg,
\SFX\Basic\Spells\护卫羁绊^Warding Bond.ogg,
\SFX\Basic\Spells\护甲提升^Armor Up.ogg,
\SFX\Basic\Spells\拟像术^Simulacrum.ogg,
\SFX\Basic\Spells\指使术^Geas.ogg,
\SFX\Basic\Spells\控制水体^Control Water.ogg,
\SFX\Basic\Spells\控制火焰塑形^Control Flames Shape.ogg,
\SFX\Basic\Spells\控制火焰熄灭^Control Flames Extinguish.ogg,
\SFX\Basic\Spells\控制火焰蔓延^Control Flames Expand.ogg,
\SFX\Basic\Spells\控制风向^Control Winds.ogg,
\SFX\Basic\Spells\提升抗性^Resistance.ogg,
\SFX\Basic\Spells\援助术^Aid.ogg,
\SFX\Basic\Spells\操控天气^Control Weather.ogg,
\SFX\Basic\Spells\操纵死尸^Animate Dead.ogg,
\SFX\Basic\Spells\支配人类^Dominate Person.ogg,
\SFX\Basic\Spells\支配怪物^Dominate Monster.ogg,
\SFX\Basic\Spells\支配野兽^Dominate Beast.ogg,
\SFX\Basic\Spells\攻击性法术射击 1^Offensive Spell Shoot 1.ogg,
\SFX\Basic\Spells\攻击性法术射击 2^Offensive Spell Shoot 2.ogg,
\SFX\Basic\Spells\攻击法术效果 5^Attack Spell Effect 5.ogg,
\SFX\Basic\Spells\放逐斩^Banishing Smite.ogg,
\SFX\Basic\Spells\放逐术^Banishment.ogg,
\SFX\Basic\Spells\散射   驱散^Scatter.ogg,
\SFX\Basic\Spells\施法失败 1^Spell Casting Fail 1.ogg,
\SFX\Basic\Spells\无声幻影^Silent Image.ogg,
\SFX\Basic\Spells\无敌术^Invulnerability.ogg,
\SFX\Basic\Spells\无敌法球^Globe of Invulnerability.ogg,
\SFX\Basic\Spells\时光倒流 (循环)^Reverse Time (Loop).ogg,
\SFX\Basic\Spells\时间偏移^Time Shift.ogg,
\SFX\Basic\Spells\时间停止 1^Time Stop 1.ogg,
\SFX\Basic\Spells\易容术^Disguise Self.ogg,
\SFX\Basic\Spells\星投射^Astral Projection.ogg,
\SFX\Basic\Spells\智力堡垒^Intellect Fortress.ogg,
\SFX\Basic\Spells\暗示术^Suggestion.ogg,
\SFX\Basic\Spells\月光束^Moonbeam.ogg,
\SFX\Basic\Spells\朦胧术^Blur.ogg,
\SFX\Basic\Spells\权能法阵^Circle of Power.ogg,
\SFX\Basic\Spells\枯萎术^Blight.ogg,
\SFX\Basic\Spells\树栖诅咒^Arboreal Curse.ogg,
\SFX\Basic\Spells\树肤术^Barkskin.ogg,
\SFX\Basic\Spells\树跃术^Tree Stride.ogg,
\SFX\Basic\Spells\植物交谈^Speak With Plants.ogg,
\SFX\Basic\Spells\植物传送^Transport via Plants.ogg,
\SFX\Basic\Spells\橡棍术^Shillelagh.ogg,
\SFX\Basic\Spells\死云术 (循环)^Cloudkill (Loop).ogg,
\SFX\Basic\Spells\死云术施法^Cloudkill Cast.ogg,
\SFX\Basic\Spells\死亡一指^Finger Of Death.ogg,
\SFX\Basic\Spells\死亡法阵^Circle Of Death.ogg,
\SFX\Basic\Spells\死亡爆发^Death Burst.ogg,
\SFX\Basic\Spells\死灵火花^Necrotic Spark.ogg,
\SFX\Basic\Spells\死者交谈^Speak With Dead.ogg,
\SFX\Basic\Spells\毒气喷溅^Poison Spray.ogg,
\SFX\Basic\Spells\毒波法术^Toxic Wave Spell.ogg,
\SFX\Basic\Spells\毒素色度球^Chromatic Orb Poison.ogg,
\SFX\Basic\Spells\毕格比之手^Bigby's Hand.ogg,
\SFX\Basic\Spells\气化形体^Gaseous Form.ogg,
\SFX\Basic\Spells\气泡术^Air Bubble.ogg,
\SFX\Basic\Spells\水上行走^Water Walk.ogg,
\SFX\Basic\Spells\水下呼吸^Water Breathing.ogg,
\SFX\Basic\Spells\水晶剑召唤^Crystal Sword Summoning.ogg,
\SFX\Basic\Spells\水晶球充能中^Crystal sphere charging.ogg,
\SFX\Basic\Spells\水晶球已充能^Crystal sphere charged.ogg,
\SFX\Basic\Spells\水晶球释放^Crystal sphere release.ogg,
\SFX\Basic\Spells\水球术^Watery Sphere.ogg,
\SFX\Basic\Spells\水系祈唤^Water Invocation.ogg,
\SFX\Basic\Spells\汲能术^Enervation.ogg,
\SFX\Basic\Spells\沉默术^Silence.ogg,
\SFX\Basic\Spells\沟通自然^Commune With Nature.ogg,
\SFX\Basic\Spells\治疗 1^Healing 1.ogg,
\SFX\Basic\Spells\治疗 2^Healing 2.ogg,
\SFX\Basic\Spells\治疗 3^Healing 3.ogg,
\SFX\Basic\Spells\治疗伤口^Cure Wounds.ogg,
\SFX\Basic\Spells\治疗法术风铃声 2^Healing Spell Chime 2.ogg,
\SFX\Basic\Spells\治疗法术风铃声^Healing Spell Chime.ogg,
\SFX\Basic\Spells\法师之手^Mage Hand.ogg,
\SFX\Basic\Spells\法师护甲^Mage Armor.ogg,
\SFX\Basic\Spells\法术反制^Counterspell.ogg,
\SFX\Basic\Spells\法术失效^Fizzled Spell.ogg,
\SFX\Basic\Spells\法术挤压撞击 1^Spell Squish Impact 1.ogg,
\SFX\Basic\Spells\法术效果 1^Spell Effect 1.ogg,
\SFX\Basic\Spells\法术效果 2^Spell Effect 2.ogg,
\SFX\Basic\Spells\法术效果 3^Spell Effect 3.ogg,
\SFX\Basic\Spells\法术效果 4^Spell Effect 4.ogg,
\SFX\Basic\Spells\活力灵光^Aura of Vitality.ogg,
\SFX\Basic\Spells\活化物体^Animate Objects.ogg,
\SFX\Basic\Spells\流星撞击^Meteor Strike.ogg,
\SFX\Basic\Spells\浮空术 (敌人)^Levitate Enemy.ogg,
\SFX\Basic\Spells\浮空术 (自身)^Levitate Self.ogg,
\SFX\Basic\Spells\浮空盘^Floating Disk.ogg,
\SFX\Basic\Spells\海啸术^Tidal Wave.ogg,
\SFX\Basic\Spells\满目皆敌^Enemies Abound.ogg,
\SFX\Basic\Spells\激发贪欲^Incite Greed.ogg,
\SFX\Basic\Spells\激怒术^Antagonize.ogg,
\SFX\Basic\Spells\火灵死亡 1^Efreeti Death 1.ogg,
\SFX\Basic\Spells\火灵死亡 2^Efreeti Death 2.ogg,
\SFX\Basic\Spells\火焰刀^Flame Blade.ogg,
\SFX\Basic\Spells\火焰吐息^Fire Breath.ogg,
\SFX\Basic\Spells\火焰增益^Fire Buff.ogg,
\SFX\Basic\Spells\火焰护盾^Fire Shield.ogg,
\SFX\Basic\Spells\火焰法术撞击 1^Fire Spell Impact 1.ogg,
\SFX\Basic\Spells\火焰箭 (命中)^Firebolt With Hit.ogg,
\SFX\Basic\Spells\火焰箭 (魔法物品)^Flame Arrows.ogg,
\SFX\Basic\Spells\火焰箭 2^Firebolt 2.ogg,
\SFX\Basic\Spells\火焰箭^Firebolt.ogg,
\SFX\Basic\Spells\火焰结界^Fire Ward.ogg,
\SFX\Basic\Spells\火焰色度球^Chromatic Orb Fire.ogg,
\SFX\Basic\Spells\火焰风暴^Fire Storm.ogg,
\SFX\Basic\Spells\火球术^Fireball.ogg,
\SFX\Basic\Spells\灵体守卫^Spirit Guardians.ogg,
\SFX\Basic\Spells\灵体尖啸 1^Spirit Scream 1.ogg,
\SFX\Basic\Spells\灵体武器^Spiritual Weapon.ogg,
\SFX\Basic\Spells\灼热射线^Scorching Ray.ogg,
\SFX\Basic\Spells\灼热斩 2^Searing Smite 2.ogg,
\SFX\Basic\Spells\灼热斩^Searing Smite.ogg,
\SFX\Basic\Spells\灼热金属^Heat Metal.ogg,
\SFX\Basic\Spells\灾祸术^Bane.ogg,
\SFX\Basic\Spells\点燃引信^Ignited Fuse.ogg,
\SFX\Basic\Spells\炼狱呼唤^Infernal Calling.ogg,
\SFX\Basic\Spells\烈焰之形^Investiture of Flame.ogg,
\SFX\Basic\Spells\烈焰法球^Flaming Sphere.ogg,
\SFX\Basic\Spells\焚云术 (循环)^Incendiary Cloud (Loop).ogg,
\SFX\Basic\Spells\焚云术 (施法)^Incendiary Cloud Cast.ogg,
\SFX\Basic\Spells\焚云术^Incendiary Cloud.ogg,
\SFX\Basic\Spells\焚身术^Immolation.ogg,
\SFX\Basic\Spells\焰击术^Flame Strike.ogg,
\SFX\Basic\Spells\熔岩冲击^Lava Shock.ogg,
\SFX\Basic\Spells\燃烧之手 2^Burning Hands 2.ogg,
\SFX\Basic\Spells\燃烧之手^Burning Hands.ogg,
\SFX\Basic\Spells\猎人印记^Hunter's Mark.ogg,
\SFX\Basic\Spells\猎手感官^Hunter Sense.ogg,
\SFX\Basic\Spells\生命循环^Cycle of Life.ogg,
\SFX\Basic\Spells\生命灵光^Aura of Life.ogg,
\SFX\Basic\Spells\疫病术^Contagion.ogg,
\SFX\Basic\Spells\疫病虫群^Insect Plague.ogg,
\SFX\Basic\Spells\短讯术^Sending.ogg,
\SFX\Basic\Spells\短距离传送^Short Teleport.ogg,
\SFX\Basic\Spells\石化术^Flesh to Stone.ogg,
\SFX\Basic\Spells\石墙术^Stone Wall.ogg,
\SFX\Basic\Spells\石肤术^Stoneskin.ogg,
\SFX\Basic\Spells\祈唤不朽^Invoke the Amaranthine.ogg,
\SFX\Basic\Spells\祝福术^Bless.ogg,
\SFX\Basic\Spells\神圣防护^Holy Protection.ogg,
\SFX\Basic\Spells\神恩^Divine Favor.ogg,
\SFX\Basic\Spells\神莓术 1^Goodberry 1.ogg,
\SFX\Basic\Spells\神莓术 2^Goodberry 2.ogg,
\SFX\Basic\Spells\神莓术 3^Goodberry 3.ogg,
\SFX\Basic\Spells\禁锢术^Imprisonment.ogg,
\SFX\Basic\Spells\私人密室^Private Sanctum.ogg,
\SFX\Basic\Spells\秘法宝箱^Instant Summons.ogg,
\SFX\Basic\Spells\秘法眼^Arcane Eye.ogg,
\SFX\Basic\Spells\秘法锁^Arcane Lock.ogg,
\SFX\Basic\Spells\秘藏箱^Secret Chest.ogg,
\SFX\Basic\Spells\移土术^Move Earth.ogg,
\SFX\Basic\Spells\移除诅咒^Remove Curse.ogg,
\SFX\Basic\Spells\穿刺伤害法术 1^Piercing Damage Spell 1.ogg,
\SFX\Basic\Spells\穿刺伤害法术 2^Piercing Damage Spell 2.ogg,
\SFX\Basic\Spells\穿刺伤害法术 3^Piercing Damage Spell 3.ogg,
\SFX\Basic\Spells\穿墙术^Passwall.ogg,
\SFX\Basic\Spells\突触静止^Synaptic Static.ogg,
\SFX\Basic\Spells\第六感^Sixth Sense.ogg,
\SFX\Basic\Spells\箭雨咒^Cordon of Arrows.ogg,
\SFX\Basic\Spells\纠缠术 2^Entangle 2.ogg,
\SFX\Basic\Spells\纠缠术 3^Entangle 3.ogg,
\SFX\Basic\Spells\纯净灵光^Aura of Purity.ogg,
\SFX\Basic\Spells\维生术 1^Spare the Dying 1.ogg,
\SFX\Basic\Spells\维生术 2^Spare the Dying 2.ogg,
\SFX\Basic\Spells\缓慢术 1^Slow Spell 1.ogg,
\SFX\Basic\Spells\缓慢术 2^Slow Spell 2.ogg,
\SFX\Basic\Spells\缓落^Slow Fall.ogg,
\SFX\Basic\Spells\编织思维 1^Encode Thoughts 1.ogg,
\SFX\Basic\Spells\编织思维 2^Encode Thoughts 2.ogg,
\SFX\Basic\Spells\编织思维 3^Encode Thoughts 3.ogg,
\SFX\Basic\Spells\群体医疗术^Mass Heal.ogg,
\SFX\Basic\Spells\群体变形术^Mass Polymorph.ogg,
\SFX\Basic\Spells\群体暗示术^Mass Suggestion.ogg,
\SFX\Basic\Spells\群体治愈真言^Mass Healing Word.ogg,
\SFX\Basic\Spells\群体治疗伤口^Mass Cure Wounds.ogg,
\SFX\Basic\Spells\羽落术 1^Feather Fall 1.ogg,
\SFX\Basic\Spells\羽落术 2^Feather Fall 2.ogg,
\SFX\Basic\Spells\翠炎剑^Green-Flame Blade.ogg,
\SFX\Basic\Spells\耀光词 2^Word of Radiance 2.ogg,
\SFX\Basic\Spells\联络异界层面^Contact Other Plane.ogg,
\SFX\Basic\Spells\脆弱诅咒^Fragility Curse.ogg,
\SFX\Basic\Spells\脚底抹油 1^Expeditious Retreat 1.ogg,
\SFX\Basic\Spells\脚底抹油 2^Expeditious Retreat 2.ogg,
\SFX\Basic\Spells\自然之怒^Wrath of Nature.ogg,
\SFX\Basic\Spells\自然守卫^Guardian of Nature.ogg,
\SFX\Basic\Spells\自然水系法术 1^Nature Water Spell 1.ogg,
\SFX\Basic\Spells\臭云术^Stinking Cloud.ogg,
\SFX\Basic\Spells\致伤术^Inflict Wounds.ogg,
\SFX\Basic\Spells\舞光术^Dancing Lights.ogg,
\SFX\Basic\Spells\舞光术结束^Dancing Lights End.ogg,
\SFX\Basic\Spells\花言巧语^Glibness.ogg,
\SFX\Basic\Spells\英雄宴^Heroes' Feast.ogg,
\SFX\Basic\Spells\英雄气概 1^Heroism 1.ogg,
\SFX\Basic\Spells\英雄气概 2^Heroism 2.ogg,
\SFX\Basic\Spells\莫伊尔之影^Shadow of Moil.ogg,
\SFX\Basic\Spells\蓝纱之梦 2^Dream of the Blue Veil 2.ogg,
\SFX\Basic\Spells\蓝纱之梦^Dream of the Blue Veil.ogg,
\SFX\Basic\Spells\虔诚护盾^Shield Of Faith.ogg,
\SFX\Basic\Spells\虚假生命 2^False Life 2.ogg,
\SFX\Basic\Spells\虚空冲击^Void Shock.ogg,
\SFX\Basic\Spells\虚空法术 1^Void Spell 1.ogg,
\SFX\Basic\Spells\虚空箭^Void Bolt.ogg,
\SFX\Basic\Spells\虫群疫病^Infestation.ogg,
\SFX\Basic\Spells\虹光喷射^Prismatic Spray.ogg,
\SFX\Basic\Spells\虹光法墙^Prismatic Wall.ogg,
\SFX\Basic\Spells\蛛网行走^Web Walk.ogg,
\SFX\Basic\Spells\蛛行术^Spider Climb.ogg,
\SFX\Basic\Spells\衰弱刺击^Sapping Sting.ogg,
\SFX\Basic\Spells\解离术^Disintegrate.ogg,
\SFX\Basic\Spells\解除魔法^Dispel Magic.ogg,
\SFX\Basic\Spells\警报术^Alarm.ogg,
\SFX\Basic\Spells\警报术激活^Alarm Activated.ogg,
\SFX\Basic\Spells\诅咒^Curse.ogg,
\SFX\Basic\Spells\诚实之域^Zone of Truth.ogg,
\SFX\Basic\Spells\诱捕打击 (施法)^Ensnaring Strike (Cast).ogg,
\SFX\Basic\Spells\诱捕打击 (激活)^Ensnaring Strike (Activate).ogg,
\SFX\Basic\Spells\豪宅术 2^Magnificent Mansion 2.ogg,
\SFX\Basic\Spells\豪宅术^Magnificent Mansion.ogg,
\SFX\Basic\Spells\负能量洪流^Negative Energy Flood.ogg,
\SFX\Basic\Spells\贾拉兹的辉光风暴^Jallarzi's Storm of Radiance.ogg,
\SFX\Basic\Spells\转化岩石^Transmute Rock.ogg,
\SFX\Basic\Spells\转生术^Reincarnate.ogg,
\SFX\Basic\Spells\迅捷箭袋^Swift Quiver.ogg,
\SFX\Basic\Spells\远古知识法术^Ancient Knowledge Spell.ogg,
\SFX\Basic\Spells\远步术^Far Step.ogg,
\SFX\Basic\Spells\迷舞^Irresistible Dance.ogg,
\SFX\Basic\Spells\透视术   锐耳术^Clairvoyance.ogg,
\SFX\Basic\Spells\通神术^Commune.ogg,
\SFX\Basic\Spells\遗体防腐^Gentle Repose.ogg,
\SFX\Basic\Spells\酸液溅射^Acid Splash.ogg,
\SFX\Basic\Spells\野兽知觉^Beast Sense.ogg,
\SFX\Basic\Spells\野兽联结 2^Beast Bond 2.ogg,
\SFX\Basic\Spells\野兽联结 3^Beast Bond 3.ogg,
\SFX\Basic\Spells\野兽联结^Beast Bond.ogg,
\SFX\Basic\Spells\鉴定术^Identify.ogg,
\SFX\Basic\Spells\钢风打击^Steel Wind Strike.ogg,
\SFX\Basic\Spells\镜影术^Mirror Image.ogg,
\SFX\Basic\Spells\闪电束^Lightning Bolt.ogg,
\SFX\Basic\Spells\闪电色度球^Chromatic Orb Lightning.ogg,
\SFX\Basic\Spells\防护善恶^Protection From Evil And Good.ogg,
\SFX\Basic\Spells\防护毒素^Protection from Poison.ogg,
\SFX\Basic\Spells\防护能量 1^Protection From Energy 1.ogg,
\SFX\Basic\Spells\防护能量 2^Protection from Energy 2.ogg,
\SFX\Basic\Spells\防死术^Death Ward.ogg,
\SFX\Basic\Spells\防死结界^Antilife Shell.ogg,
\SFX\Basic\Spells\阳炎射线^Sunbeam.ogg,
\SFX\Basic\Spells\阳炎爆^Sunburst.ogg,
\SFX\Basic\Spells\阴影刃^Shadow Blade.ogg,
\SFX\Basic\Spells\阿加纳萨喷火术^Aganazzar's Scorcher.ogg,
\SFX\Basic\Spells\阿加蒂斯之铠^Armor of Agathys.ogg,
\SFX\Basic\Spells\阿沙德隆步伐^Ashardalon's Stride.ogg,
\SFX\Basic\Spells\附魔阵风 1^Enchanted Gust 1.ogg,
\SFX\Basic\Spells\降咒^Bestow Curse.ogg,
\SFX\Basic\Spells\陷阱侦测法术^Trap Detection Spell.ogg,
\SFX\Basic\Spells\隐形术^Invisibility Spell.ogg,
\SFX\Basic\Spells\隔离术^Sequester.ogg,
\SFX\Basic\Spells\雪花云 (短)^Snowflake Cloud (Short).ogg,
\SFX\Basic\Spells\雪花云 (长)^Snowflake Cloud (Long).ogg,
\SFX\Basic\Spells\雷鸣刃^Booming Blade.ogg,
\SFX\Basic\Spells\雷鸣吐息^Thunder Breath.ogg,
\SFX\Basic\Spells\雷鸣斩 2^Thunderous Smite 2.ogg,
\SFX\Basic\Spells\雷鸣斩 3^Thunderous Smite 3.ogg,
\SFX\Basic\Spells\雷鸣波^Thunderwave.ogg,
\SFX\Basic\Spells\雷鸣色度球^Chromatic Orb Thunder.ogg,
\SFX\Basic\Spells\雾云法术^Mist Cloud Spell.ogg,
\SFX\Basic\Spells\霜火之箭法术 - 短循环 (Patreon 独占)^Frostfire Bolt Spell - Short Loops Patreon Exclusive.ogg,
\SFX\Basic\Spells\预言术^Divination.ogg,
\SFX\Basic\Spells\风暴之形^Investiture of Wind.ogg,
\SFX\Basic\Spells\风系法术 1^Wind Spell 1.ogg,
\SFX\Basic\Spells\飞行术^Fly.ogg,
\SFX\Basic\Spells\驱散善恶^Dispel Evil and Good.ogg,
\SFX\Basic\Spells\驱逐不死生物^Undead Banishing.ogg,
\SFX\Basic\Spells\高空视野^Elevated Sight.ogg,
\SFX\Basic\Spells\高等复原术^Greater Restoration.ogg,
\SFX\Basic\Spells\高等隐形术^Greater Invisibility.ogg,
\SFX\Basic\Spells\魅影文字^Illusory Script.ogg,
\SFX\Basic\Spells\魅惑人类^Charm Person.ogg,
\SFX\Basic\Spells\魔法伎俩^Prestidigitation.ogg,
\SFX\Basic\Spells\魔法力场 (循环)^Magical Forcefield (Loop).ogg,
\SFX\Basic\Spells\魔法护盾 (受击)^Magic Shield (Hit).ogg,
"\SFX\Basic\Spells\魔法护盾 (大, 施法)^Magic Shield (Big, casting).ogg",
"\SFX\Basic\Spells\魔法护盾 (小, 施法)^Magic Shield (Small, casting).ogg",
\SFX\Basic\Spells\魔法笑声 (女)^Magic Laugh (Female).ogg,
\SFX\Basic\Spells\魔法笑声 (男)^Magic Laugh (Male).ogg,
\SFX\Basic\Spells\魔法绽放 (短)^Magical Blossom (Short).ogg,
\SFX\Basic\Spells\魔法绽放 (长)^Magical Blossom (Long).ogg,
\SFX\Basic\Spells\魔法阵风 (短)^Magic Gust (Short).ogg,
\SFX\Basic\Spells\魔法阵风 (长)^Magic Gust (Long).ogg,
\SFX\Basic\Spells\魔法飞弹 1^Magic Missile 1.ogg,
\SFX\Basic\Spells\魔法飞弹 2^Magic Missile 2.ogg,
\SFX\Basic\Spells\魔能爆 1^Eldritch Blast 1.ogg,
\SFX\Basic\Spells\魔能爆 2^Eldritch Blast 2.ogg,
\SFX\Basic\Spells\魔能爆 3^Eldritch Blast 3.ogg,
\SFX\Basic\Spells\黑暗减益^Dark Debuff.ogg,
\SFX\Basic\Spells\黑触手^Black Tentacles.ogg,
\SFX\Basic\Steps\上楼 (循环)^Walking Up Stairs (Loop).ogg,
\SFX\Basic\Steps\上楼脚步声带木头嘎吱声 (循环)^Upstairs Footsteps With Wood Creaking (Loop).ogg,
\SFX\Basic\Steps\上楼脚步声带木头嘎吱声^Upstairs Footsteps With Wood Creaking.ogg,
\SFX\Basic\Steps\中型脚步声 巡逻 (雪地)^Medium Steps Patrol (Snow).ogg,
\SFX\Basic\Steps\中型脚步声 接近 (雪地)^Medium Steps Approach (Snow).ogg,
\SFX\Basic\Steps\冰面小心行走 (循环)^Walking Carefully On Ice (Loop).ogg,
\SFX\Basic\Steps\冰面行走 (循环)^Walking On Ice (Loop).ogg,
\SFX\Basic\Steps\巡逻 接近 (冰面)^Patrol Coming (Ice).ogg,
\SFX\Basic\Steps\巨型机器人行走^Giant Robot Walking.ogg,
\SFX\Basic\Steps\带马刺行走 (循环)^Walking with Spurs (Loop).ogg,
\SFX\Basic\Steps\恐龙重步^Dinosaur Loud Step.ogg,
\SFX\Basic\Steps\木地板奔跑 (循环)^Running On Wood (Loop).ogg,
\SFX\Basic\Steps\木地板快速行走 (循环)^Walking Fast On Wood (Loop).ogg,
\SFX\Basic\Steps\木地板慢跑 (循环)^Running Slowly On Wood (Loop).ogg,
\SFX\Basic\Steps\木地板行走 (循环)^Walking On Wood (Loop).ogg,
\SFX\Basic\Steps\水泥地行走 (循环)^Walking On Concrete (Loop).ogg,
\SFX\Basic\Steps\沉重机械脚步声 (循环)^Heavy Mechanical Footsteps (Loop).ogg,
"\SFX\Basic\Steps\沼泽行走 (半浸入, 循环)^Walking in Swamps (Half Immersed, Loop).ogg",
\SFX\Basic\Steps\沼泽行走 (循环)^Walking in Swamps (Loop).ogg,
\SFX\Basic\Steps\泥土元素巡逻^Mud Elemental Patrol.ogg,
\SFX\Basic\Steps\浅水行走 (循环)^Walking In Shallow Water (Loop).ogg,
\SFX\Basic\Steps\硬地板奔跑 (循环)^Running On Hard Floor (Loop).ogg,
\SFX\Basic\Steps\碎石路奔跑 (循环)^Running On Gravel (Loop).ogg,
\SFX\Basic\Steps\碎石路慢走 (循环)^Walking Slowly On Gravel (Loop).ogg,
\SFX\Basic\Steps\碎石路行走 (循环)^Walking on Gravel (Loop).ogg,
\SFX\Basic\Steps\穿过灌木丛 (循环)^Walking Through Bushes (Loop).ogg,
"\SFX\Basic\Steps\落叶上行走 (潜行, 循环)^Walking on Leaves (Stealthily, Loop).ogg",
\SFX\Basic\Steps\蛋壳上行走 (循环)^Walking on Egg Shells (Loop).ogg,
\SFX\Basic\Steps\软泥怪巡逻^Ooze Patrol.ogg,
\SFX\Basic\Steps\重甲骷髅巡逻^Skeleton In Heavy Armour Patrol.ogg,
\SFX\Basic\Steps\锁甲骷髅巡逻^Skeleton In Chainmail Patrol.ogg,
\SFX\Basic\Steps\雪地快速行走 (循环)^Walking Rapidly On Snow (Loop).ogg,
\SFX\Basic\Steps\雪地行走 (循环)^Walking On Snow (Loop).ogg,
\SFX\Basic\Steps\雪地行走 1 (循环)^Walking in Snow 1 (Loop).ogg,
\SFX\Basic\Steps\雪地行走 2 (循环)^Walking On Snow 2 (Loop).ogg,
\SFX\Basic\Tools\剥皮 (循环)^Animal Skinning (Loop).ogg,
\SFX\Basic\Tools\清空手推车^Emptying a Wheelbarrow.ogg,
\SFX\Basic\Tools\钉钉子 (循环)^Hammering a Nail (Loop).ogg,
\SFX\Basic\Tools\雕刻岩石 (循环)^Sculpting a Rock (Loop).ogg,
\SFX\Basic\Traps\圈套陷阱^Snare Trap.ogg,
\SFX\Basic\Traps\坠落陷阱^Pit Trap.ogg,
\SFX\Basic\Traps\坠落陷阱带尸体落地声^Pit Trap with Falling Body.ogg,
\SFX\Basic\Traps\尖刺坑陷阱^Spike Pit Trap.ogg,
\SFX\Basic\Traps\摆斧陷阱 (循环)^Pendulum Trap (Loop).ogg,
\SFX\Basic\Traps\撬开有陷阱的门^Lockpicking a Trapped Door.ogg,
\SFX\Basic\Traps\毒液陷阱^Venom Trap.ogg,
"\SFX\Basic\Traps\滚石陷阱 (滚动, 循环)^Boulder Trap (Rolling, Loop).ogg",
"\SFX\Basic\Traps\滚石陷阱 (触发, 单次)^Boulder Trap (Triggered, One-Shot).ogg",
\SFX\Basic\Traps\火焰波^Flame Wave.ogg,
\SFX\Basic\Traps\爆炸陷阱^Explosion Trap.ogg,
\SFX\Basic\Traps\箭矢陷阱 单发 1^Arrow Trap Single 1.ogg,
\SFX\Basic\Traps\箭矢陷阱 单发 2^Arrow Trap Single 2.ogg,
\SFX\Basic\Traps\箭矢陷阱^Arrows Trap.ogg,
\SFX\Basic\Traps\蛛网陷阱^Web Trap.ogg,
\SFX\Basic\Traps\设置陷阱 (循环)^Setting Up a Trap (Loop).ogg,
\SFX\Basic\Traps\长矛陷阱^Spear Trap.ogg,
\SFX\Basic\Traps\飞镖陷阱^Dart Trap.ogg,
\SFX\Basic\Treasures\嘎吱作响的箱子开启^Creaky Chest Opening.ogg,
\SFX\Basic\Treasures\带锁扣古董箱开启 1^Antique Trunk With Latches Opening 1.ogg,
\SFX\Basic\Treasures\带锁扣古董箱开启 2^Antique Trunk With Latches Opening 2.ogg,
\SFX\Basic\Treasures\带锁扣古董箱开启 3^Antique Trunk With Latches Opening 3.ogg,
\SFX\Basic\Treasures\带锁扣古董箱开启 4^Antique Trunk With Latches Opening 4.ogg,
\SFX\Basic\Treasures\抛接钱包 (循环)^Coin Purse Throw And Catch (Loop).ogg,
\SFX\Basic\Treasures\捡起钱袋^Coin Bag Pickup.ogg,
\SFX\Basic\Treasures\摇晃钱袋^Coin Bag Shake.ogg,
\SFX\Basic\Treasures\数硬币 1^Counting Coins 1.ogg,
\SFX\Basic\Treasures\硬币 1^Coins 1.ogg,
\SFX\Basic\Treasures\硬币掉落 1^Coin Fall 1.ogg,
\SFX\Basic\Treasures\硬币碰撞声 1^Coin Clatter 1.ogg,
\SFX\Basic\Vehicles\沉船^Shipwreck.ogg,
\SFX\Basic\Weapons\二次机会攻击^Second Chance Attack.ogg,
\SFX\Basic\Weapons\偷袭 (无血)^Sneak Attack (without Blood).ogg,
\SFX\Basic\Weapons\偷袭 (有血)^Sneak Attack (with Blood).ogg,
\SFX\Basic\Weapons\光耀剑拔出^Radiant Sword Draw.ogg,
\SFX\Basic\Weapons\光耀剑挥舞^Radiant Sword Whoosh.ogg,
\SFX\Basic\Weapons\光耀匕首拔出^Radiant Dagger Draw.ogg,
\SFX\Basic\Weapons\光耀匕首挥舞^Radiant Dagger Whoosh.ogg,
\SFX\Basic\Weapons\光耀双手剑拔出^Radiant Two-Handed Sword Draw.ogg,
\SFX\Basic\Weapons\光耀双手剑挥舞^Radiant Two-Handed Sword Whoosh.ogg,
\SFX\Basic\Weapons\光耀战锤挥舞^Radiant Hammer Whoosh.ogg,
\SFX\Basic\Weapons\光耀斧头挥舞^Radiant Axe Whoosh.ogg,
\SFX\Basic\Weapons\光耀法杖挥舞^Radiant Staff Whoosh.ogg,
\SFX\Basic\Weapons\光耀阔剑拔出^Radiant Broadsword Draw.ogg,
\SFX\Basic\Weapons\冰冻箭 (命中)^Frozen Arrow (Hit).ogg,
\SFX\Basic\Weapons\冰冻箭 (未命中)^Frozen Arrow (No Hit).ogg,
\SFX\Basic\Weapons\冰镰命中^Ice Sickle Hit.ogg,
\SFX\Basic\Weapons\冰鞭命中^Ice Whip Hit.ogg,
\SFX\Basic\Weapons\冰鞭挥舞^Ice Whip Whoosh.ogg,
\SFX\Basic\Weapons\剑命中^Sword Hit.ogg,
\SFX\Basic\Weapons\剑掉落 1^Sword Drop 1.ogg,
\SFX\Basic\Weapons\剑掉落 2^Sword Drop 2.ogg,
\SFX\Basic\Weapons\剑未命中^Sword Miss.ogg,
\SFX\Basic\Weapons\加农炮^Cannon.ogg,
\SFX\Basic\Weapons\匕首命中^Dagger Hit.ogg,
\SFX\Basic\Weapons\匕首未命中^Dagger Miss.ogg,
\SFX\Basic\Weapons\反曲弓寒冰射击 1^Recurve Bow Icy Shot 1.ogg,
\SFX\Basic\Weapons\反曲弓心灵射击 1^Recurve Bow Psychic Shot 1.ogg,
\SFX\Basic\Weapons\反曲弓死灵射击 1^Recurve Bow Necrotic Shot 1.ogg,
\SFX\Basic\Weapons\反曲弓毒素射击 1^Recurve Bow Poison Shot 1.ogg,
\SFX\Basic\Weapons\反曲弓火焰射击 1^Recurve Bow Fire Shot 1.ogg,
\SFX\Basic\Weapons\反曲弓电击射击 1^Recurve Bow Electrical Shot 1.ogg,
\SFX\Basic\Weapons\反曲弓神圣射击 1^Recurve Bow Holy Shot 1.ogg,
\SFX\Basic\Weapons\反曲弓酸性射击 1^Recurve Bow Acid Shot 1.ogg,
\SFX\Basic\Weapons\反曲弓雷鸣射击 1^Recurve Bow Thunder Shot 1.ogg,
\SFX\Basic\Weapons\吹箭 (命中)^Blowpipe (Hit).ogg,
\SFX\Basic\Weapons\吹箭 (未命中)^Blowpipe (No Hit).ogg,
"\SFX\Basic\Weapons\回旋镖 (命中, 未返回)^Boomerang (Hit, Not Coming Back).ogg",
"\SFX\Basic\Weapons\回旋镖 (命中, 返回)^Boomerang (Hit, Coming Back).ogg",
"\SFX\Basic\Weapons\回旋镖 (未命中, 未返回)^Boomerang (No Hit, Not Coming Back).ogg",
"\SFX\Basic\Weapons\回旋镖 (未命中, 返回)^Boomerang (No Hit, Coming Back).ogg",
\SFX\Basic\Weapons\大型硬头锤命中 1^Large Mace Hit 1.ogg,
\SFX\Basic\Weapons\大型硬头锤命中 2^Large Mace Hit 2.ogg,
\SFX\Basic\Weapons\大型硬头锤命中 3^Large Mace Hit 3.ogg,
\SFX\Basic\Weapons\寒冰剑拔出^Icy Sword Draw.ogg,
\SFX\Basic\Weapons\寒冰剑挥舞^Icy Sword Whoosh.ogg,
\SFX\Basic\Weapons\寒冰匕首拔出^Icy Dagger Draw.ogg,
\SFX\Basic\Weapons\寒冰匕首挥舞^Icy Dagger Whoosh.ogg,
\SFX\Basic\Weapons\寒冰双手剑拔出^Icy Two-Handed Sword Draw.ogg,
\SFX\Basic\Weapons\寒冰双手剑挥舞^Icy Two-Handed Sword Whoosh.ogg,
\SFX\Basic\Weapons\寒冰战锤挥舞^Icy Hammer Whoosh.ogg,
\SFX\Basic\Weapons\寒冰斧头挥舞^Icy Axe Whoosh.ogg,
\SFX\Basic\Weapons\寒冰法杖挥舞^Icy Staff Whoosh.ogg,
\SFX\Basic\Weapons\寒冰阔剑拔出^Icy Broadsword Draw.ogg,
\SFX\Basic\Weapons\弩攻击^Crossbow Attack.ogg,
\SFX\Basic\Weapons\弹弓命中 1^Slingshot Hit 1.ogg,
\SFX\Basic\Weapons\弹弓寒冰命中 1^Slingshot Icy Hit 1.ogg,
\SFX\Basic\Weapons\弹弓心灵命中 1^Slingshot Psychic Hit 1.ogg,
\SFX\Basic\Weapons\弹弓未命中 1^Slingshot Miss 1.ogg,
\SFX\Basic\Weapons\弹弓死灵命中 1^Slingshot Necrotic Hit 1.ogg,
\SFX\Basic\Weapons\弹弓毒素命中 1^Slingshot Poison Hit 1.ogg,
\SFX\Basic\Weapons\弹弓火焰命中 1^Slingshot Fire Hit 1.ogg,
\SFX\Basic\Weapons\弹弓电击命中 1^Slingshot Electrical Hit 1.ogg,
\SFX\Basic\Weapons\弹弓神圣命中 1^Slingshot Holy Hit 1.ogg,
\SFX\Basic\Weapons\弹弓酸性命中 1^Slingshot Acid Hit 1.ogg,
\SFX\Basic\Weapons\弹弓雷鸣命中 1^Slingshot Thunder Hit 1.ogg,
\SFX\Basic\Weapons\心灵鞭挥舞^Psychic Whip Whoosh.ogg,
\SFX\Basic\Weapons\战锤命中^Hammer Hit.ogg,
\SFX\Basic\Weapons\战锤寒冰命中^Hammer Icy Hit.ogg,
\SFX\Basic\Weapons\战锤心灵命中^Hammer Psychic Hit.ogg,
\SFX\Basic\Weapons\战锤死灵命中^Hammer Necrotic Hit.ogg,
\SFX\Basic\Weapons\战锤毒素命中^Hammer Poison Hit.ogg,
\SFX\Basic\Weapons\战锤火焰命中^Hammer Fire Hit.ogg,
\SFX\Basic\Weapons\战锤电击命中^Hammer Electric Hit.ogg,
\SFX\Basic\Weapons\战锤神圣命中^Hammer Holy Hit.ogg,
\SFX\Basic\Weapons\战锤酸性命中^Hammer Acid Hit.ogg,
\SFX\Basic\Weapons\战锤雷鸣命中^Hammer Thunder Hit.ogg,
\SFX\Basic\Weapons\手里剑 (命中)^Shuriken (Hit).ogg,
\SFX\Basic\Weapons\手里剑 (未命中)^Shuriken (No Hit).ogg,
\SFX\Basic\Weapons\投掷武器挥舞声 1^Thrown Weapon Whoosh 1.ogg,
\SFX\Basic\Weapons\投斧命中^Axe Throwing Hit.ogg,
\SFX\Basic\Weapons\投斧未命中^Axe Throwing Miss.ogg,
\SFX\Basic\Weapons\投石车装填^Catapult Reloading.ogg,
\SFX\Basic\Weapons\拳击 1^Punch 1.ogg,
\SFX\Basic\Weapons\挥砍伤害法术 1^Slashing Damage Spell 1.ogg,
\SFX\Basic\Weapons\挥砍伤害法术 2^Slashing Damage Spell 2.ogg,
\SFX\Basic\Weapons\挥砍伤害法术 3^Slashing Damage Spell 3.ogg,
\SFX\Basic\Weapons\旋转飞斧^Spinning Axe Throw.ogg,
\SFX\Basic\Weapons\植物鞭 (命中)^Plant Whip (Hit).ogg,
\SFX\Basic\Weapons\植物鞭 (未命中)^Plant Whip (No Hit).ogg,
\SFX\Basic\Weapons\武器在石头上滑动^Weapon Sliding on Stone.ogg,
\SFX\Basic\Weapons\武器挥舞声 1^Weapon Whoosh 1.ogg,
\SFX\Basic\Weapons\武器挥舞声 2^Weapon Whoosh 2.ogg,
\SFX\Basic\Weapons\武士刀背刺 (无血)^Katana Backstab (No Blood).ogg,
\SFX\Basic\Weapons\武士刀背刺 (有血)^Katana Backstab (Blood).ogg,
\SFX\Basic\Weapons\死灵鞭命中^Necrotic Whip Hit.ogg,
\SFX\Basic\Weapons\死灵鞭挥舞^Necrotic Whip Whoosh.ogg,
\SFX\Basic\Weapons\毒素剑拔出^Poison Sword Draw.ogg,
\SFX\Basic\Weapons\毒素剑挥舞^Poison Sword Whoosh.ogg,
\SFX\Basic\Weapons\毒素匕首拔出^Poison Dagger Draw.ogg,
\SFX\Basic\Weapons\毒素匕首挥舞^Poison Dagger Whoosh.ogg,
\SFX\Basic\Weapons\毒素双手剑拔出^Poison Two-Handed Sword Draw.ogg,
\SFX\Basic\Weapons\毒素双手剑挥舞^Poison Two-Handed Sword Whoosh.ogg,
\SFX\Basic\Weapons\毒素战锤挥舞^Poison Hammer Whoosh.ogg,
\SFX\Basic\Weapons\毒素斧头挥舞^Poison Axe Whoosh.ogg,
\SFX\Basic\Weapons\毒素法杖挥舞^Poison Staff Whoosh.ogg,
\SFX\Basic\Weapons\毒素阔剑拔出^Poison Broadsword Draw.ogg,
\SFX\Basic\Weapons\毒素鞭命中^Poison Whip Hit.ogg,
\SFX\Basic\Weapons\毒素鞭挥舞^Poison Whip Whoosh.ogg,
\SFX\Basic\Weapons\水鞭命中^Water Whip Hit.ogg,
\SFX\Basic\Weapons\水鞭挥舞^Water Whip Whoosh.ogg,
\SFX\Basic\Weapons\法杖命中^Staff Hit.ogg,
\SFX\Basic\Weapons\火把攻击命中 1^Torch Hit 1.ogg,
\SFX\Basic\Weapons\火把攻击命中 2^Torch Hit 2.ogg,
\SFX\Basic\Weapons\火把攻击命中 3^Torch Hit 3.ogg,
\SFX\Basic\Weapons\火焰剑拔出^Flaming Sword Draw.ogg,
\SFX\Basic\Weapons\火焰剑挥舞^Flaming Sword Whoosh.ogg,
\SFX\Basic\Weapons\火焰匕首拔出^Flaming Dagger Draw.ogg,
\SFX\Basic\Weapons\火焰匕首挥舞^Flaming Dagger Whoosh.ogg,
\SFX\Basic\Weapons\火焰双手剑拔出^Flaming Two-Handed Sword Draw.ogg,
\SFX\Basic\Weapons\火焰双手剑挥舞^Flaming Two-Handed Sword Whoosh.ogg,
\SFX\Basic\Weapons\火焰战锤挥舞^Flaming Hammer Whoosh.ogg,
\SFX\Basic\Weapons\火焰斧头挥舞^Flaming Axe Whoosh.ogg,
\SFX\Basic\Weapons\火焰法杖挥舞^Flaming Staff Whoosh.ogg,
\SFX\Basic\Weapons\火焰阔剑拔出^Flaming Broadsword Draw.ogg,
\SFX\Basic\Weapons\火焰鞭 (命中)^Fire Whip (Hit).ogg,
\SFX\Basic\Weapons\火焰鞭 (未命中)^Fire Whip (No Hit).ogg,
\SFX\Basic\Weapons\电击剑拔出^Electrical Sword Draw.ogg,
\SFX\Basic\Weapons\电击剑挥舞^Electrical Sword Whoosh.ogg,
\SFX\Basic\Weapons\电击匕首命中^Electrical Dagger Hit.ogg,
\SFX\Basic\Weapons\电击匕首拔出^Electrical Dagger Draw.ogg,
\SFX\Basic\Weapons\电击匕首挥舞^Electrical Dagger Whoosh.ogg,
\SFX\Basic\Weapons\电击双手剑拔出^Electrical Two-Handed Sword Draw.ogg,
\SFX\Basic\Weapons\电击双手剑挥舞^Electrical Two-Handed Sword Whoosh.ogg,
\SFX\Basic\Weapons\电击战锤挥舞^Electrical Hammer Whoosh.ogg,
\SFX\Basic\Weapons\电击斧头挥舞^Electrical Axe Whoosh.ogg,
\SFX\Basic\Weapons\电击法杖挥舞^Electrical Staff Whoosh.ogg,
\SFX\Basic\Weapons\电击阔剑拔出^Electrical Broadsword Draw.ogg,
\SFX\Basic\Weapons\电击鞭命中^Electric Whip Hit.ogg,
\SFX\Basic\Weapons\电击鞭挥舞^Electric Whip Whoosh.ogg,
\SFX\Basic\Weapons\磨剑声 (循环)^Sword Sharpening (Loop).ogg,
\SFX\Basic\Weapons\神圣弓 (短)^Holy Bow Short.ogg,
\SFX\Basic\Weapons\神圣弓 (长)^Holy Bow Long.ogg,
\SFX\Basic\Weapons\神圣武器打击^Divine Weapon Strike.ogg,
\SFX\Basic\Weapons\竹剑 (命中)^Bamboo Sword (Hit).ogg,
\SFX\Basic\Weapons\竹剑 (未命中)^Bamboo Sword (No Hit).ogg,
\SFX\Basic\Weapons\箭矢放回箭袋 1^Return Arrow to Quiver 1.ogg,
\SFX\Basic\Weapons\箭矢放回箭袋 2^Return Arrow to Quiver 2.ogg,
\SFX\Basic\Weapons\蒸汽朋克弩炮 (远)^Steampunk Ballista (Far).ogg,
\SFX\Basic\Weapons\蒸汽朋克弩炮^Steampunk Ballista.ogg,
\SFX\Basic\Weapons\蒸汽朋克手炮^Steampunk Handcanon.ogg,
\SFX\Basic\Weapons\虚空弓 (短)^Void Bow Short.ogg,
\SFX\Basic\Weapons\虚空弓 (长)^Void Bow Long.ogg,
\SFX\Basic\Weapons\轻弩寒冰攻击^Light Crossbow Icy Attack.ogg,
\SFX\Basic\Weapons\轻弩心灵攻击^Light Crossbow Psychic Attack.ogg,
\SFX\Basic\Weapons\轻弩死灵攻击^Light Crossbow Necrotic Attack.ogg,
\SFX\Basic\Weapons\轻弩毒素攻击^Light Crossbow Poison Attack.ogg,
\SFX\Basic\Weapons\轻弩火焰攻击^Light Crossbow Fire Attack.ogg,
\SFX\Basic\Weapons\轻弩电击攻击^Light Crossbow Electric Attack.ogg,
\SFX\Basic\Weapons\轻弩神圣攻击^Light Crossbow Holy Attack.ogg,
\SFX\Basic\Weapons\轻弩酸性攻击^Light Crossbow Acid Attack.ogg,
\SFX\Basic\Weapons\轻弩雷鸣攻击^Light Crossbow Thunder Attack.ogg,
\SFX\Basic\Weapons\酸性剑拔出^Acid Sword Draw.ogg,
\SFX\Basic\Weapons\酸性剑挥舞^Acid Sword Whoosh.ogg,
\SFX\Basic\Weapons\酸性匕首拔出^Acid Dagger Draw.ogg,
\SFX\Basic\Weapons\酸性匕首挥舞^Acid Dagger Whoosh.ogg,
\SFX\Basic\Weapons\酸性双手剑拔出^Acid Two-Handed Sword Draw.ogg,
\SFX\Basic\Weapons\酸性双手剑挥舞^Acid Two-Handed Sword Whoosh.ogg,
\SFX\Basic\Weapons\酸性战锤挥舞^Acid Hammer Whoosh.ogg,
\SFX\Basic\Weapons\酸性斧头挥舞^Acid Axe Whoosh.ogg,
\SFX\Basic\Weapons\酸性法杖挥舞^Acid Staff Whoosh.ogg,
\SFX\Basic\Weapons\酸性阔剑拔出^Acid Broadsword Draw.ogg,
\SFX\Basic\Weapons\酸性鞭子命中^Acid Whip Hit.ogg,
\SFX\Basic\Weapons\酸性鞭子挥舞^Acid Whip Whoosh.ogg,
\SFX\Basic\Weapons\重型闪电刃连击^Heavy Lightning Blade Combo.ogg,
\SFX\Basic\Weapons\重弩寒冰射击 1^Heavy Crossbow Icy Shot 1.ogg,
\SFX\Basic\Weapons\重弩心灵射击 1^Heavy Crossbow Psychic Shot 1.ogg,
\SFX\Basic\Weapons\重弩死灵射击 1^Heavy Crossbow Necrotic Shot 1.ogg,
\SFX\Basic\Weapons\重弩毒素射击 1^Heavy Crossbow Poison Shot 1.ogg,
\SFX\Basic\Weapons\重弩火焰射击 1^Heavy Crossbow Fire Shot 1.ogg,
\SFX\Basic\Weapons\重弩电击射击 1^Heavy Crossbow Electrical Shot 1.ogg,
\SFX\Basic\Weapons\重弩神圣射击 1^Heavy Crossbow Holy Shot 1.ogg,
\SFX\Basic\Weapons\重弩酸性射击 1^Heavy Crossbow Acid Shot 1.ogg,
\SFX\Basic\Weapons\重弩雷鸣射击 1^Heavy Crossbow Thunder Shot 1.ogg,
\SFX\Basic\Weapons\长弓寒冰射击 1^Longbow Icy Shot 1.ogg,
\SFX\Basic\Weapons\长弓心灵射击 1^Longbow Psychic Shot 1.ogg,
\SFX\Basic\Weapons\长弓死灵射击 1^Longbow Necrotic Shot 1.ogg,
\SFX\Basic\Weapons\长弓毒素射击 1^Longbow Poison Shot 1.ogg,
\SFX\Basic\Weapons\长弓火焰射击 1^Longbow Fire Shot 1.ogg,
\SFX\Basic\Weapons\长弓电击射击 1^Longbow Electrical Shot 1.ogg,
\SFX\Basic\Weapons\长弓神圣射击 1^Longbow Holy Shot 1.ogg,
\SFX\Basic\Weapons\长弓酸性射击 1^Longbow Acid Shot 1.ogg,
\SFX\Basic\Weapons\长弓雷鸣射击 1^Longbow Thunder Shot 1.ogg,
\SFX\Basic\Weapons\雷鸣双手斧命中^Thunder Two-Handed Axe Hit.ogg,
\SFX\Basic\Weapons\雷鸣鞭命中^Thunder Whip Hit.ogg,
\SFX\Basic\Weapons\雷鸣鞭挥舞^Thunder Whip Whoosh.ogg,
\SFX\Basic\Weather\海啸^Tsunami.ogg,
\SFX\Basic\Weather\起风^Wind Rising.ogg,
\SFX\Basic\Well\水井 (大混响)^Well (Big Reverb).ogg,
\SFX\Basic\Zombie\僵尸倒下^Zombie Collapsing.ogg,
\SFX\Basic\Zombie\僵尸呻吟 1^Zombie Moan 1.ogg,
\SFX\Basic\Zombie\僵尸咆哮 1^Zombie Roar 1.ogg,
\SFX\Basic\Zombie\僵尸咆哮 2^Zombie Roar 2.ogg,
\SFX\Basic\Zombie\僵尸咆哮 2^Zombie Snarling 2.ogg,
\SFX\Basic\Zombie\僵尸咆哮 3^Zombie Roar 3.ogg,
\SFX\Basic\Zombie\僵尸咆哮 4^Zombie Roar 4.ogg,
\SFX\Basic\Zombie\僵尸攻击 1^Zombie Attack 1.ogg,
\SFX\Basic\Zombie\僵尸攻击 2^Zombie Attack 2.ogg,
\SFX\Basic\Zombie\僵尸死亡 1^Zombie Death 1.ogg,
\SFX\Basic\Zombie\僵尸死亡 4^Zombie Death 4.ogg,
\SFX\Basic\Zombie\咆哮僵尸^Snarling Zombie.ogg,
\SFX\Basic\Zombie\大型僵尸咆哮 1^Large Zombie Roar 1.ogg,
\SFX\Basic\Zombie\巡逻僵尸^Patrolling Zombie.ogg,
\SFX\Basic\Zombie\被锁住的僵尸^Chained Zombie.ogg,
\SFX\Modern\Activity\冰块掉入杯中 1^Ice Cubes Dropped in a Glass 1.ogg,
\SFX\Modern\Activity\冰块掉入杯中 2^Ice Cubes Dropped in a Glass 2.ogg,
\SFX\Modern\Activity\吃脆面包^Eating Crispbread.ogg,
\SFX\Modern\Activity\大拉链 1^Large Zipper 1.ogg,
\SFX\Modern\Activity\开罐头 1^Can Opening 1.ogg,
\SFX\Modern\Activity\戴上滑雪手套^Putting On Ski Gloves.ogg,
\SFX\Modern\Activity\摇晃药瓶 1^Shaking Pill Bottle 1.ogg,
\SFX\Modern\Activity\摇晃药瓶 2^Shaking Pill Bottle 2.ogg,
\SFX\Modern\Activity\数钞票 (循环)^Counting Bills (Loop).ogg,
\SFX\Modern\Activity\油炸声 (循环)^Frying Oil (Loop).ogg,
\SFX\Modern\Activity\浴缸放水 (循环)^Bathtub Getting Filled (Loop).ogg,
\SFX\Modern\Activity\淋浴^Showering.ogg,
\SFX\Modern\Activity\脱下滑雪手套^Putting Off Ski Gloves.ogg,
\SFX\Modern\Activity\药瓶 1^Pill Bottle 1.ogg,
\SFX\Modern\Activity\药瓶 2^Pill Bottle 2.ogg,
\SFX\Modern\Activity\药瓶 3^Pill Bottle 3.ogg,
\SFX\Modern\Activity\锯片掉落^Sawblade Drop.ogg,
\SFX\Modern\Alarm\信号警报 1 (循环)^Signal Alarm 1 (Loop).ogg,
\SFX\Modern\Alarm\信号警报 1^Signal Alarm 1.ogg,
\SFX\Modern\Alarm\定时器滴答声 (循环)^Egg Timer Ticking (Loop).ogg,
\SFX\Modern\Alarm\定时器警报^Egg Timer Alarm.ogg,
\SFX\Modern\Alarm\手机铃声高音 1^Cellphone Ring High Tone 1.ogg,
\SFX\Modern\Alarm\梨形喇叭^Pear Horn.ogg,
\SFX\Modern\Alarm\电话铃声 (循环)^Ring Tone (Loop).ogg,
\SFX\Modern\Alarm\空袭警报 (循环)^Air Raid Siren (Loop).ogg,
\SFX\Modern\Alarm\老式警笛 (循环)^Old Police Siren (Loop).ogg,
\SFX\Modern\Alarm\老式警笛带混响 (循环)^Old Police Siren With Reverb (Loop).ogg,
\SFX\Modern\Alarm\老式警笛短声 1^Old Police Siren Short 1.ogg,
\SFX\Modern\Alarm\老式警笛短声 2^Old Police Siren Short 2.ogg,
\SFX\Modern\Alarm\老式警笛短声带混响 1^Old Police Siren Short With Reverb 1.ogg,
\SFX\Modern\Alarm\老式警笛短声带混响 2^Old Police Siren Short With Reverb 2.ogg,
\SFX\Modern\Alarm\飞机安全带信号^Airplane Seatbelt Signal.ogg,
\SFX\Modern\Cinematic\鼓三角铁^Drum Triangle.ogg,
\SFX\Modern\Computer\打印机 1^Printer 1.ogg,
\SFX\Modern\Computer\故障干扰 1^Glitch 1.ogg,
"\SFX\Modern\Computer\键盘打字声 (轻, 循环)^Keyboard Typing (Light, loop).ogg",
"\SFX\Modern\Computer\键盘打字声 (重, 循环)^Keyboard Typing (Heavy, loop).ogg",
\SFX\Modern\Destruction\一堆垃圾掉落 1^Pile of Trash Falling 1.ogg,
\SFX\Modern\Destruction\一堆垃圾掉落 2^Pile of Trash Falling 2.ogg,
\SFX\Modern\Destruction\一堆垃圾掉落 3^Pile of Trash Falling 3.ogg,
\SFX\Modern\Destruction\一堆垃圾掉落 4^Pile of Trash Falling 4.ogg,
\SFX\Modern\Destruction\一堆泡沫塑料掉落 1^Pile of Styrofoam Dropped 1.ogg,
\SFX\Modern\Destruction\原子弹复古录音^Atomic Bomb Retro Recording.ogg,
\SFX\Modern\Destruction\山区炸药爆炸^Dynamite Explosion In Mountains.ogg,
\SFX\Modern\Destruction\房屋被拆迁球摧毁 1^House Destroyed With Demolition Ball 1.ogg,
\SFX\Modern\Destruction\汽油着火^Gasoline Catching Fire.ogg,
\SFX\Modern\Destruction\汽油起火^Gasoline Fire Start.ogg,
\SFX\Modern\Destruction\汽车爆炸 1^Car Explosion 1.ogg,
\SFX\Modern\Destruction\汽车起火爆炸^Exploding Car With Fire.ogg,
\SFX\Modern\Destruction\玻璃掉落 1^Glass Drop 1.ogg,
\SFX\Modern\Destruction\玻璃物品掉落 1^Glass Item Falling 1.ogg,
\SFX\Modern\Destruction\近距离火炮爆炸^Artillery Explosion Close.ogg,
\SFX\Modern\Destruction\近距离爆炸 1^Explosion Close 1.ogg,
\SFX\Modern\Destruction\铝罐掉落^Aluminum Cans Drop.ogg,
\SFX\Modern\Devices\8mm 放映机 1 (循环)^8mm Projector 1 (Loop).ogg,
\SFX\Modern\Devices\8mm 放映机 2 (循环)^8mm Projector 2 (Loop).ogg,
\SFX\Modern\Devices\发电机 (循环)^Generator (Loop).ogg,
\SFX\Modern\Devices\定时爆炸 (10 秒)^Timer Explosion (10s).ogg,
\SFX\Modern\Devices\工厂机器人 (循环)^Factory Robot (Loop).ogg,
\SFX\Modern\Devices\开罐头 2^Can Opening 2.ogg,
\SFX\Modern\Devices\恐怖大叶片风扇 (循环)^Creepy Fan With Large Blades (Loop).ogg,
\SFX\Modern\Devices\打字机 (循环)^Writing Machine (Loop).ogg,
\SFX\Modern\Devices\混乱的通讯信号 (循环)^Scrambled Telecommunications (Loop).ogg,
\SFX\Modern\Devices\电网 (循环)^Electric Fence (Loop).ogg,
"\SFX\Modern\Devices\电视 (新闻频道, 循环)^Television (News Channel, Loop).ogg",
\SFX\Modern\Devices\盖革计数器 中 (循环)^Geiger Counter Medium (Loop).ogg,
\SFX\Modern\Devices\盖革计数器 轻 (循环)^Geiger Counter Light (Loop).ogg,
\SFX\Modern\Devices\盖革计数器 重 (循环)^Geiger Counter Heavy (Loop).ogg,
\SFX\Modern\Devices\相机快门 1^Camera Shot 1.ogg,
\SFX\Modern\Devices\相机快门 2^Camera Shot 2.ogg,
\SFX\Modern\Devices\研磨机 (循环)^Grinding Machine (Loop).ogg,
\SFX\Modern\Devices\老式电话响铃^Old Telephone Ringing.ogg,
\SFX\Modern\Devices\老式电话拨号^Old Telephone Dialing.ogg,
\SFX\Modern\Devices\老式电话铃声 (循环)^Old Phone Ringing (Loop).ogg,
\SFX\Modern\Devices\蒸汽引擎 (循环)^Steam Engine (Loop).ogg,
\SFX\Modern\Devices\设备开关嗡嗡声 1^Device On Off Buzz 1.ogg,
\SFX\Modern\Devices\马桶冲水 1^Toilet Flush 1.ogg,
\SFX\Modern\Devices\马桶冲水 2^Toilet Flush 2.ogg,
\SFX\Modern\Doors\牢房 1^Prison Cell 1.ogg,
\SFX\Modern\Doors\门铃 1^Doorbell 1.ogg,
\SFX\Modern\Environment\啸叫声^Larsen.ogg,
\SFX\Modern\Environment\电击^Electric Shock.ogg,
\SFX\Modern\Environment\电流嗡嗡声 (循环)^Electric Buzz (Loop).ogg,
\SFX\Modern\Environment\电流滋滋声^Electric Zap.ogg,
\SFX\Modern\Environment\电火花 (循环)^Electric Sparks (Loop).ogg,
\SFX\Modern\Environment\能量耗尽^Power Drain.ogg,
\SFX\Modern\Games\筹码 (单个)^Poker Chip (Single).ogg,
\SFX\Modern\Games\筹码 (多个)^Poker Chip (Multiple).ogg,
\SFX\Modern\Gore\恐怖电钻^Gore Drill.ogg,
\SFX\Modern\Items\倒汽水^Soda Pouring.ogg,
\SFX\Modern\Items\傻瓜相机卷片^Instamatic Winder.ogg,
\SFX\Modern\Items\故障磁带播放机^Malfunctioning Tape Player.ogg,
"\SFX\Modern\Items\来电 (循环, 铃声)^Phone Call Incoming (Loop, Ringtone).ogg",
"\SFX\Modern\Items\来电 (循环, 震动)^Phone Call Incoming (Loop, Vibrate).ogg",
\SFX\Modern\Items\烟雾弹^Smoke Grenade.ogg,
\SFX\Modern\Items\燃烧瓶^Molotov Cocktail.ogg,
\SFX\Modern\Items\爆炸前倒计时 (10 秒)^Timer Before Explosion (10s).ogg,
\SFX\Modern\Mechanisms\机器 1 (循环)^Machine 1 (Loop).ogg,
\SFX\Modern\Mechanisms\机器 2 (循环)^Machine 2 (Loop).ogg,
\SFX\Modern\Mechanisms\机器 3 (循环)^Machine 3 (Loop).ogg,
\SFX\Modern\Mechanisms\蒸汽朋克液压机器 (循环)^Steampunk Hydrolic Machine (Loop).ogg,
\SFX\Modern\Mechanisms\重型开关 1^Heavy Switch 1.ogg,
\SFX\Modern\Paranormal\念力移玻璃^Telekinesis on Glass.ogg,
\SFX\Modern\Paranormal\念力移车^Telekinesis on Car.ogg,
\SFX\Modern\Paranormal\神秘电话^Mysterious Phone Call.ogg,
\SFX\Modern\Paranormal\自行车悬浮^Bycicle Levitation.ogg,
\SFX\Modern\Paranormal\超自然霓虹灯闪烁^Paranormal Neon Blink.ogg,
\SFX\Modern\Paranormal\鬼魂敲击并通过收音机说话^Ghost Knocking and Speaking Through Radio.ogg,
\SFX\Modern\People\抽烟 (循环)^Cigarette Smoking (Loop).ogg,
\SFX\Modern\People\点烟 1^Cigarette Lighting 1.ogg,
\SFX\Modern\People\点烟 2^Cigarette Lighting 2.ogg,
\SFX\Modern\Tools\摩尔斯电码 SOS^Morse SOS.ogg,
\SFX\Modern\Tools\电机启停 1^Electric Motor Starts And Stops 1.ogg,
\SFX\Modern\Tools\胶带^Adhesive Tape.ogg,
\SFX\Modern\Traps\地雷 (失效)^Landmine (Not Working).ogg,
\SFX\Modern\Traps\地雷^Landmine.ogg,
\SFX\Modern\Urban\被撕裂的小镇^The Whole Town Torn Apart.ogg,
\SFX\Modern\Vehicles\二战卡车经过^World War 2 Trucks Passby.ogg,
\SFX\Modern\Vehicles\客机飞过头顶^Air Liner Flies Overhead.ogg,
\SFX\Modern\Vehicles\战斗机飞过 左至右^Fighter Jet Overflight Left To Right.ogg,
\SFX\Modern\Vehicles\摩托车经过 1^Motorcycle Passing By 1.ogg,
\SFX\Modern\Vehicles\榴弹炮射击 2^Howitzer Artillery Shot 2.ogg,
\SFX\Modern\Vehicles\汽车经过 1^Car Passing By 1.ogg,
\SFX\Modern\Vehicles\火箭发射 1^Rocket Launch 1.ogg,
\SFX\Modern\Vehicles\火箭发射 2^Rocket Launch 2.ogg,
\SFX\Modern\Vehicles\火箭发射 3^Rocket Launch 3.ogg,
\SFX\Modern\Vehicles\爆裂引擎点火 1^Burst Engine Ignition 1.ogg,
\SFX\Modern\Vehicles\轮胎尖啸 1^Tires Screech 1.ogg,
\SFX\Modern\Vehicles\驾车逃离^Escaping with a Car.ogg,
\SFX\Modern\Weapons\.22 弹壳掉落 1^Shell 22 Drop 1.ogg,
\SFX\Modern\Weapons\.50 口径手枪射击 01^.50 Cal Pistol Shots 01.ogg,
\SFX\Modern\Weapons\7.62mm 弹壳掉落^7.62mm Round Drop.ogg,
\SFX\Modern\Weapons\9mm 弹壳掉落 1^9mm Bullet Casing Drop 1.ogg,
\SFX\Modern\Weapons\9mm 弹壳掉落^9mm Round Drop.ogg,
\SFX\Modern\Weapons\9mm 手枪射击^9mm Pistol Shot.ogg,
\SFX\Modern\Weapons\AK 点射 1^AK Burst 1.ogg,
\SFX\Modern\Weapons\AK47 单发 全声^ak47 Single Shot Full.ogg,
\SFX\Modern\Weapons\AR15 点射 1^AR15 Burst 1.ogg,
\SFX\Modern\Weapons\G36 单发^G36 Single Shot.ogg,
\SFX\Modern\Weapons\MP40 点射 近处^MP40 Burst Close.ogg,
\SFX\Modern\Weapons\MP40 点射 远处^MP40 Burst Far.ogg,
\SFX\Modern\Weapons\MP5 三连发^MP5 3 Rounds Burst.ogg,
\SFX\Modern\Weapons\MP5 五连发^MP5 5 Rounds Burst.ogg,
\SFX\Modern\Weapons\RPG 发射器射击 1^RPG Launcher Shot 1.ogg,
\SFX\Modern\Weapons\RPG 发射器射击 2^RPG Launcher Shot 2.ogg,
\SFX\Modern\Weapons\勃朗宁 M2 射击 1^Browning M2 Shots 1.ogg,
\SFX\Modern\Weapons\勃朗宁 M2 射击 2^Browning M2 Shots 2.ogg,
\SFX\Modern\Weapons\勃朗宁 M2 射击 3^Browning M2 Shots 3.ogg,
\SFX\Modern\Weapons\勃朗宁 M2 射击 远处 1^Browning M2 Shots Far 1.ogg,
\SFX\Modern\Weapons\勃朗宁单发 近处^Browning Single Shot Close.ogg,
\SFX\Modern\Weapons\发射反坦克导弹 1^Launching Anti Tank Missile 1.ogg,
\SFX\Modern\Weapons\发射反坦克导弹 2^Launching Anti Tank Missile 2.ogg,
\SFX\Modern\Weapons\喷火器攻击 1^Flamethrower Attack 1.ogg,
\SFX\Modern\Weapons\喷火器攻击 2^Flamethrower Attack 2.ogg,
\SFX\Modern\Weapons\大型火箭发射器 远处^Huge Rocket Launcher Far.ogg,
\SFX\Modern\Weapons\子弹击中木头 1^Bullet Hitting Wood 1.ogg,
\SFX\Modern\Weapons\子弹击中木头 2^Bullet Hitting Wood 2.ogg,
\SFX\Modern\Weapons\子弹击中泥土^Bullet Hitting Dirt.ogg,
\SFX\Modern\Weapons\子弹击中玻璃 1^Bullet Hitting Glass 1.ogg,
\SFX\Modern\Weapons\子弹击中玻璃 2^Bullet Hitting Glass 2.ogg,
\SFX\Modern\Weapons\子弹击中金属 1^Bullet Hitting Metal 1.ogg,
\SFX\Modern\Weapons\子弹跳弹 1^Bullet Ricochet 1.ogg,
\SFX\Modern\Weapons\子弹飞过 1^Bullet Flyby 1.ogg,
\SFX\Modern\Weapons\子弹飞过 2^Bullet Flyby 2.ogg,
\SFX\Modern\Weapons\德拉贡诺夫狙击枪射击 1^Dragunov Sniper Shot 1.ogg,
\SFX\Modern\Weapons\手枪完全重装填 1^Pistol Full Reload 1.ogg,
\SFX\Modern\Weapons\手枪射击 近处 1^Pistol Shot Close 1.ogg,
\SFX\Modern\Weapons\手枪射击 近处 2^Pistol Shot Close 2.ogg,
\SFX\Modern\Weapons\手榴弹爆炸^Grenade Explosion.ogg,
\SFX\Modern\Weapons\机枪点射^Machine Gun Burst.ogg,
\SFX\Modern\Weapons\极远处枪声^Bullet Shot Very Far.ogg,
\SFX\Modern\Weapons\枪声 10^Gunshot 10.ogg,
\SFX\Modern\Weapons\枪声 4^Gunshot 4.ogg,
\SFX\Modern\Weapons\枪声 5^Gunshot 5.ogg,
\SFX\Modern\Weapons\枪声 6^Gunshot 6.ogg,
\SFX\Modern\Weapons\枪声 7^Gunshot 7.ogg,
\SFX\Modern\Weapons\枪声 8^Gunshot 8.ogg,
\SFX\Modern\Weapons\枪声 9^Gunshot 9.ogg,
\SFX\Modern\Weapons\枪支三连射^Gun Shooting Three Times.ogg,
\SFX\Modern\Weapons\枪支上膛 1^Gun Cocking 1.ogg,
\SFX\Modern\Weapons\枪支上膛 2^Gun Cocking 2.ogg,
\SFX\Modern\Weapons\枪支六连射^Gun Shooting Six Times.ogg,
\SFX\Modern\Weapons\步枪射击 3^Rifle Shot 3.ogg,
\SFX\Modern\Weapons\步枪射击带混响 1^Rifle Shot With Reverb 1.ogg,
\SFX\Modern\Weapons\狙击步枪射击 近处 1^Sniper Rifle Shot Close 1.ogg,
\SFX\Modern\Weapons\狙击步枪射击 近处 2^Sniper Rifle Shot Close 2.ogg,
\SFX\Modern\Weapons\空枪射击 1^Empty Gun Shot 1.ogg,
\SFX\Modern\Weapons\突击步枪射击 4^Assault Rifle Shot 4.ogg,
\SFX\Modern\Weapons\突击步枪点射 室外近处^Assault Rifle Burst Outdoor Close.ogg,
\SFX\Modern\Weapons\自动步枪单发 近处 1^Autorifle Single Close 1.ogg,
\SFX\Modern\Weapons\自动步枪点射 近处 1^Autorifle Burst Close 1.ogg,
\SFX\Modern\Weapons\自动步枪点射 近处 2^Autorifle Burst Close 2.ogg,
\SFX\Modern\Weapons\蒸汽朋克能量枪 1^Steampunk Energy Gun 1.ogg,
\SFX\Modern\Weapons\远处火箭发射^Far Away Rocket Launch.ogg,
\SFX\Modern\Weapons\远方交火 1^Distant Gunfire 1.ogg,
\SFX\Modern\Weapons\远方交火 2^Distant Gunfire 2.ogg,
\SFX\Modern\Weapons\远方交火 3^Distant Gunfire 3.ogg,
\SFX\Modern\Weapons\远方枪声 4^Distant Gunshot 4.ogg,
\SFX\Modern\Weapons\远方枪声 5^Distant Gunshot 5.ogg,
\SFX\Modern\Weapons\远方枪声 6^Distant Gunshot 6.ogg,
\SFX\Modern\Weapons\远方枪声 7^Distant Gunshot 7.ogg,
\SFX\Modern\Weapons\远方枪声 8^Distant Gunshot 8.ogg,
\SFX\Modern\Weapons\远方枪声 9^Distant Gunshot 9.ogg,
\SFX\Modern\Weapons\重机枪^Heavy Machinegun.ogg,
\SFX\Modern\Weapons\霰弹枪 (无上膛)^Shotgun (No Loading).ogg,
\SFX\Modern\Weapons\霰弹枪^Shotgun.ogg,
\SFX\Modern\Weapons\霰弹枪发射独头弹 1^Shotgun Firing Slug 1.ogg,
\SFX\Modern\Weapons\霰弹枪泵动 快速^Shotgun Pump Action Fast.ogg,
\SFX\Modern\Weapons\霰弹枪泵动 慢速^Shotgun Pump Action Slow.ogg,
\SFX\Modern\Weapons\霰弹枪重装填^Shotgun Reload.ogg,
\SFX\Sci-Fi\Action\科幻传送 短^Sci-Fi Teleport Short.ogg,
\SFX\Sci-Fi\Buildings\电梯运行 (循环)^Elevator Ride (Loop).ogg,
\SFX\Sci-Fi\Buildings\电梯运行 完整^Elevator Ride Full.ogg,
\SFX\Sci-Fi\Buildings\电梯运行 开始^Elevator Ride Start.ogg,
\SFX\Sci-Fi\Buildings\电梯运行 结束^Elevator Ride End.ogg,
\SFX\Sci-Fi\Buildings\科幻升降机 (循环)^Sci-Fi Lift (Loop).ogg,
\SFX\Sci-Fi\Buildings\科幻升降机 停止^Sci-Fi Lift Stop.ogg,
\SFX\Sci-Fi\Buildings\科幻升降机 启动^Sci-Fi Lift Start.ogg,
\SFX\Sci-Fi\Cinematic\低音科幻呼啸声^Bassy Sci-Fi Whoosh.ogg,
\SFX\Sci-Fi\Cinematic\科幻刺击音 1^Sci-Fi Stinger 1.ogg,
\SFX\Sci-Fi\Cinematic\科幻刺击音 2^Sci-Fi Stinger 2.ogg,
\SFX\Sci-Fi\Cinematic\科幻刺击音 3^Sci-Fi Stinger 3.ogg,
\SFX\Sci-Fi\Cinematic\科幻音效 1^Sci-fi Effect 1.ogg,
\SFX\Sci-Fi\Cinematic\科幻音效 2^Sci-fi Effect 2.ogg,
\SFX\Sci-Fi\Cinematic\科幻音效 3^Sci-fi Effect 3.ogg,
\SFX\Sci-Fi\Computer\数据故障 1^Data Glitch 1.ogg,
\SFX\Sci-Fi\Computers\黑客入侵门禁^Hacking Door.ogg,
\SFX\Sci-Fi\Destruction\科幻炸弹 近处^Sci Fi Bomb Close.ogg,
\SFX\Sci-Fi\Destruction\近距离火炮爆炸 1^Artillery Explosion Close 1.ogg,
\SFX\Sci-Fi\Devices\传送室^The Portal Room.ogg,
\SFX\Sci-Fi\Devices\力场^Forcefield.ogg,
\SFX\Sci-Fi\Devices\医疗舱 (循环)^Medical Capsule (Loop).ogg,
\SFX\Sci-Fi\Devices\发电机 (循环)^Power Generator (Loop).ogg,
\SFX\Sci-Fi\Devices\发电机 2 (循环)^Power Generator 2 (Loop).ogg,
\SFX\Sci-Fi\Devices\故障界面 (循环)^Glitching Interface (Loop).ogg,
\SFX\Sci-Fi\Devices\机械心脏^Mechanical Heart.ogg,
\SFX\Sci-Fi\Devices\水下发电机 (无气泡)^Power Generator Under Water (No bubbles).ogg,
\SFX\Sci-Fi\Devices\水下发电机^Generator Under Water.ogg,
\SFX\Sci-Fi\Devices\水下扫描仪 (无气泡)^Scanner Under Water (No bubbles).ogg,
\SFX\Sci-Fi\Devices\水下扫描仪^Scanner Under Water.ogg,
\SFX\Sci-Fi\Devices\激光炮塔 (循环)^Laser Turret (Loop).ogg,
\SFX\Sci-Fi\Devices\科幻传送门开启 1^Sci-Fi Portal Open 1.ogg,
\SFX\Sci-Fi\Devices\科幻传送门开启 2^Sci-Fi Portal Open 2.ogg,
\SFX\Sci-Fi\Devices\科幻变形 1^Sci-Fi Transformation 1.ogg,
\SFX\Sci-Fi\Devices\脑部扫描出错^Brain Scan Gone Wrong.ogg,
\SFX\Sci-Fi\Devices\隔离舱视野^Vision in the Isolation Tank.ogg,
\SFX\Sci-Fi\Devices\飞行无人机 (循环)^Flying Drone (Loop).ogg,
\SFX\Sci-Fi\Doors\科幻大型关口^Sci-Fi Large Gateway.ogg,
\SFX\Sci-Fi\Doors\科幻门 1 关闭^Sci-Fi Door 1 Close.ogg,
\SFX\Sci-Fi\Doors\科幻门 1 开启^Sci-Fi Door 1 Open.ogg,
\SFX\Sci-Fi\Doors\科幻门 2 关闭^Sci-Fi Door 2 Close.ogg,
\SFX\Sci-Fi\Doors\科幻门 2 开启^Sci-Fi Door 2 Open.ogg,
\SFX\Sci-Fi\Doors\科幻门 3 开启^Sci-Fi Door 3 Open.ogg,
\SFX\Sci-Fi\Doors\科幻门 4 开启^Sci-Fi Door 4 Open.ogg,
\SFX\Sci-Fi\Doors\科幻门 5 关闭^Sci-Fi Door 5 Close.ogg,
\SFX\Sci-Fi\Doors\科幻门 5 开启^Sci-Fi Door 5 Open.ogg,
\SFX\Sci-Fi\Doors\科幻门 6 关闭^Sci-Fi Door 6 Close.ogg,
\SFX\Sci-Fi\Doors\科幻门 6 开启^Sci-Fi Door 6 Open.ogg,
\SFX\Sci-Fi\Doors\飞船舱室关闭 1^Spaceship Compartment Closes 1.ogg,
\SFX\Sci-Fi\Doors\飞船舱室开启 1^Spaceship Compartment Opens 1.ogg,
\SFX\Sci-Fi\Explosions\爆炸带碎片^Explosion with Debris.ogg,
\SFX\Sci-Fi\Explosions\飞船坠毁^Ship Crash.ogg,
\SFX\Sci-Fi\Items\激光手雷^Laser Grenade.ogg,
\SFX\Sci-Fi\Items\闪光手雷^Flashing Grenade.ogg,
\SFX\Sci-Fi\Items\麻痹手雷^Paralyzing Grenade.ogg,
\SFX\Sci-Fi\Monsters\外星寄生虫孵化^Alien Parasite Hatching.ogg,
\SFX\Sci-Fi\Monsters\外星猎犬^Alien Hound.ogg,
\SFX\Sci-Fi\Monsters\小外星人受击 1^Small Alien Hit 1.ogg,
\SFX\Sci-Fi\Monsters\小外星人受击 2^Small Alien Hit 2.ogg,
\SFX\Sci-Fi\Monsters\小外星人受击 3^Small Alien Hit 3.ogg,
\SFX\Sci-Fi\Monsters\小外星人死亡 1^Small Alien Death 1.ogg,
\SFX\Sci-Fi\Monsters\小外星人死亡 2^Small Alien Death 2.ogg,
\SFX\Sci-Fi\Monsters\小外星人死亡 3^Small Alien Death 3.ogg,
\SFX\Sci-Fi\Monsters\机械猎犬 (关机)^Robot Hound (Shutdown).ogg,
\SFX\Sci-Fi\Monsters\机械猎犬 (吠叫)^Robot Hound (Bark).ogg,
\SFX\Sci-Fi\Monsters\桌面游戏里的那种生物^That Creature from your Tabletop Game.ogg,
\SFX\Sci-Fi\Monsters\沙虫^Sand Worm.ogg,
\SFX\Sci-Fi\Monsters\生物逃离水箱^Creature Escaping a Water Container.ogg,
"\SFX\Sci-Fi\People\人工智能说话 (女, 循环)^Artificial Intelligence Talking (Female, Loop).ogg",
"\SFX\Sci-Fi\People\人工智能说话 (男, 循环)^Artificial Intelligence Talking (Male, Loop).ogg",
"\SFX\Sci-Fi\People\外星人与机器人交谈 (近处, 循环)^Alien and Robot Talking (Close, Loop).ogg",
"\SFX\Sci-Fi\People\外星人与机器人交谈 (远处, 循环)^Alien and Robot Talking (Far, Loop).ogg",
"\SFX\Sci-Fi\People\外星人交谈 (近处, 循环)^Aliens Talking (Close, Loop).ogg",
"\SFX\Sci-Fi\People\外星人交谈 (远处, 循环)^Aliens Talking (Far, Loop).ogg",
\SFX\Sci-Fi\People\机器人说话^Robot Talking.ogg,
\SFX\Sci-Fi\People\机器人说话故障^Robot Glitching While Talking.ogg,
"\SFX\Sci-Fi\People\通话 (近处, 循环)^Phone Call (Close, Loop).ogg",
"\SFX\Sci-Fi\People\通话 (远处, 循环)^Phone Call (Far, Loop).ogg",
\SFX\Sci-Fi\Robots\大型机器人停用^Big Robot Deactivation.ogg,
\SFX\Sci-Fi\Robots\大型机器人启动^Big Robot Startup.ogg,
\SFX\Sci-Fi\Robots\小型机器人停用^Small Robot Deactivation.ogg,
\SFX\Sci-Fi\Robots\小型机器人启动^Small Robot Startup.ogg,
\SFX\Sci-Fi\Robots\扫描仪处理中 1^Scanner Processing 1.ogg,
\SFX\Sci-Fi\Robots\无人机飞过 1^Drone Flyby 1.ogg,
\SFX\Sci-Fi\Robots\机械伺服音 1^Robotic Servo 1.ogg,
\SFX\Sci-Fi\Robots\机械伺服音 2^Robotic Servo 2.ogg,
\SFX\Sci-Fi\Robots\机械伺服音带哔哔声 1^Robotic Servo With Bips 1.ogg,
\SFX\Sci-Fi\Robots\机械变形 1^Robotic Transformation 1.ogg,
\SFX\Sci-Fi\Traps\垃圾压缩机陷阱 (女性被压)^Trash Compactor Trap (Female Crushed).ogg,
\SFX\Sci-Fi\Traps\垃圾压缩机陷阱 (循环)^Trash Compactor Trap (Loop).ogg,
\SFX\Sci-Fi\Traps\垃圾压缩机陷阱 (男性被压)^Trash Compactor Trap (Male Crushed).ogg,
\SFX\Sci-Fi\Traps\垃圾压缩机陷阱 (短单次)^Trash Compactor Trap (Short One-Shot).ogg,
\SFX\Sci-Fi\Vehicles\光速推进^Lightspeed Boost.ogg,
\SFX\Sci-Fi\Vehicles\小型飞船着陆^Small Spaceship Landing.ogg,
\SFX\Sci-Fi\Vehicles\推进器喷射 (循环)^Thrusterfire (Loop).ogg,
\SFX\Sci-Fi\Vehicles\未来载具^Futuristic Vehicles.ogg,
\SFX\Sci-Fi\Vehicles\科幻载具经过 1^Sci-Fi Vehicle Passing By 1.ogg,
\SFX\Sci-Fi\Vehicles\科幻载具经过 2^Sci-Fi Vehicle Passing By 2.ogg,
\SFX\Sci-Fi\Vehicles\科幻载具经过 3^Sci-Fi Vehicle Passing By 3.ogg,
\SFX\Sci-Fi\Vehicles\科幻载具经过 4^Sci-Fi Vehicle Passing By 4.ogg,
\SFX\Sci-Fi\Vehicles\科幻载具经过 5^Sci-Fi Vehicle Passing By 5.ogg,
\SFX\Sci-Fi\Vehicles\科幻载具经过 6^Sci-Fi Vehicle Passing By 6.ogg,
\SFX\Sci-Fi\Vehicles\赛车飞船启动^Racer Ship Startup.ogg,
\SFX\Sci-Fi\Vehicles\飞船修理^Ship Repairing.ogg,
\SFX\Sci-Fi\Vehicles\飞船引擎启动^Spaceship Engine Engaging.ogg,
\SFX\Sci-Fi\Vehicles\飞船护盾激活 1^Spaceship Shield Activated 1.ogg,
\SFX\Sci-Fi\Vehicles\飞船经过 2^Spaceship Passing 2.ogg,
\SFX\Sci-Fi\Vehicles\飞船起飞^Spaceship Takeoff.ogg,
\SFX\Sci-Fi\Vehicles\飞行汽车着陆^Flying Car Land.ogg,
\SFX\Sci-Fi\Weapons\多管火箭发射器^Multirockets Launcher.ogg,
\SFX\Sci-Fi\Weapons\大型等离子火炮射击 1^Large Plasma Artillery Shot 1.ogg,
\SFX\Sci-Fi\Weapons\执行者激光枪^Executor Laser Gun.ogg,
\SFX\Sci-Fi\Weapons\激光充能射击 1^Laser Charges and Shoots 1.ogg,
\SFX\Sci-Fi\Weapons\激光剑^Laser Sword.ogg,
\SFX\Sci-Fi\Weapons\激光加农炮^Laser Cannon.ogg,
\SFX\Sci-Fi\Weapons\激光枪射击 近处^Laser Gun Shot Close.ogg,
\SFX\Sci-Fi\Weapons\激光枪战^Laser Gun Fight.ogg,
\SFX\Sci-Fi\Weapons\激光枪过热^Laser Gun Overheat.ogg,
\SFX\Sci-Fi\Weapons\激光步枪单发 1^Laser Rifle Single Shot 1.ogg,
\SFX\Sci-Fi\Weapons\激光步枪多重射击 1^Laser Rifle Multiple Shots 1.ogg,
\SFX\Sci-Fi\Weapons\激光步枪多重射击 2^Laser Rifle Multiple Shots 2.ogg,
\SFX\Sci-Fi\Weapons\激光步枪多重射击 3^Laser Rifle Multiple Shots 3.ogg,
\SFX\Sci-Fi\Weapons\激光步枪多重射击 4^Laser Rifle Multiple Shots 4.ogg,
\SFX\Sci-Fi\Weapons\激光步枪点射 (短)^Laser Rifle Burst (Short).ogg,
\SFX\Sci-Fi\Weapons\激光步枪点射 (长)^Laser Rifle Burst (Long).ogg,
\SFX\Sci-Fi\Weapons\激光精确步枪 (命中)^Laser Precision Rifle (Hit).ogg,
\SFX\Sci-Fi\Weapons\激光精确步枪 (未命中)^Laser Precision Rifle (No Hit).ogg,
\SFX\Sci-Fi\Weapons\火箭发射器^Rocket Launcher.ogg,
\SFX\Sci-Fi\Weapons\爆能枪射击 (命中)^Blaster Shot (Hit).ogg,
\SFX\Sci-Fi\Weapons\爆能枪射击 (未命中)^Blaster Shot (No Hit).ogg,
\SFX\Sci-Fi\Weapons\爆能枪射击 1^Blaster Shot 1.ogg,
\SFX\Sci-Fi\Weapons\爆能枪射击 2^Blaster Shot 2.ogg,
\SFX\Sci-Fi\Weapons\爆能枪射击 3^Blaster Shot 3.ogg,
\SFX\Sci-Fi\Weapons\爆能枪射击 4^Blaster Shot 4.ogg,
\SFX\Sci-Fi\Weapons\电击爆能枪射击 1^Electro Blaster Shot 1.ogg,
\SFX\Sci-Fi\Weapons\电击爆能枪射击 2^Electro Blaster Shot 2.ogg,
\SFX\Sci-Fi\Weapons\电击爆能枪射击 3^Electro Blaster Shot 3.ogg,
\SFX\Sci-Fi\Weapons\科幻充能巨炮射击^Sci-Fi Charge Megacannon Shot.ogg,
\SFX\Sci-Fi\Weapons\科幻充能步枪射击 1^Sci-Fi Charge Rifle Shot 1.ogg,
\SFX\Sci-Fi\Weapons\科幻加农炮^Sci-Fi Cannon.ogg,
\SFX\Sci-Fi\Weapons\科幻手炮^Sci-Fi Hand Cannon.ogg,
\SFX\Sci-Fi\Weapons\科幻手雷^Sci-Fi Grenade.ogg,
\SFX\Sci-Fi\Weapons\科幻机枪^Sci-Fi Minigun.ogg,
\SFX\Sci-Fi\Weapons\科幻机枪点射^Sci-Fi Minigun Burst.ogg,
\SFX\Sci-Fi\Weapons\科幻枪 1^Sci-Fi Gun 1.ogg,
\SFX\Sci-Fi\Weapons\科幻步枪射击 1^Sci-fi Rifle Shot 1.ogg,
\SFX\Sci-Fi\Weapons\科幻步枪射击 2^Sci-Fi Rifle Shot 2.ogg,
\SFX\Sci-Fi\Weapons\科幻狙击枪射击 1^Sci-Fi Sniper Shot 1.ogg,
\SFX\Sci-Fi\Weapons\科幻突击步枪 1^Sci-Fi Assault Rifle 1.ogg,
\SFX\Sci-Fi\Weapons\科幻突击步枪 2^Sci-Fi Assault Rifle 2.ogg,
\SFX\Sci-Fi\Weapons\科幻突击步枪 3^Sci-Fi Assault Rifle 3.ogg,
\SFX\Sci-Fi\Weapons\科幻迫击炮射击 1^Sci-Fi Mortar Shot 1.ogg,
\SFX\Sci-Fi\Weapons\科幻霰弹枪单发 1^Sci-Fi Shotgun Single Shot 1.ogg,
\SFX\Sci-Fi\Weapons\等离子护盾 (受击)^Plasma Shield (Being Hit).ogg,
\SFX\Sci-Fi\Weapons\等离子护盾 (展开)^Plasma Shield (Drawn Out).ogg,
\SFX\Sci-Fi\Weapons\等离子枪^Plasma Gun.ogg,
\SFX\Sci-Fi\Weapons\等离子爆能枪 1^Plasma Blaster 1.ogg,
\SFX\Sci-Fi\Weapons\等离子爆能枪 2^Plasma Blaster 2.ogg,
\SFX\Sci-Fi\Weapons\等离子爆能枪 3^Plasma Blaster 3.ogg,
\SFX\Sci-Fi\Weapons\等离子爆能枪 4^Plasma Blaster 4.ogg,
\SFX\Sci-Fi\Weapons\能量弓^Energy Bow.ogg,
\SFX\Sci-Fi\Weapons\能量武器^Energy Weapon.ogg,
\SFX\Sci-Fi\Weapons\臂刃^Arm Blade.ogg,
\SFX\Sci-Fi\Weapons\自动加农炮单发^Automated Cannon One Shot.ogg,
\SFX\Sci-Fi\Weapons\自动加农炮四连发^Automated Cannon Four Shots.ogg,
\SFX\Sci-Fi\Weapons\超新星光束^Supernova Beam.ogg,
\SFX\Sci-Fi\Weapons\防空等离子塔六连发^AA Plasma Tower Six Shots.ogg,
\SFX\Sci-Fi\Weapons\防空等离子塔单发^AA Plasma Tower Single Shot.ogg,
\SFX\Sci-Fi\Weapons\防空等离子塔被破坏^AA Plasma Tower Sabotaged.ogg,
\SFX\Sci-Fi\Weapons\音波手雷爆炸^Sonic Grenade Explosion.ogg,
\汉化映射表.csv,
